timestamp,quantization_mode,use_tensor_cores,optimize_memory,metrics_enabled,graph_mode,compact_metric,ai_running,face_loading,objects_loading,drawing_metrics,drawing_graph,fps,cpu_percent,gpu_percent,inference_time_ms
2026-01-19T20:00:30.689,fp32,1,0,1,off,fps,0,0,0,1,0,21.21,26.9,0.0,964.4
2026-01-19T20:00:30.748,fp32,1,0,1,off,fps,0,0,0,1,0,20.55,26.9,0.0,34.0
2026-01-19T20:00:30.778,fp32,1,0,1,off,fps,0,0,0,1,0,20.29,26.9,0.0,14.3
2026-01-19T20:00:30.831,fp32,1,0,1,off,fps,0,0,0,1,0,19.76,26.9,0.0,37.0
2026-01-19T20:00:30.857,fp32,1,0,1,off,fps,0,0,0,1,0,19.65,26.9,0.0,9.6
2026-01-19T20:00:30.909,fp32,1,0,1,off,fps,0,0,0,1,0,19.29,26.9,0.0,42.0
2026-01-19T20:00:30.924,fp32,1,0,1,off,fps,0,0,0,1,0,19.22,26.9,0.0,15.6
2026-01-19T20:00:30.977,fp32,1,0,1,off,fps,0,0,0,1,0,18.77,26.9,0.0,36.3
2026-01-19T20:00:31.001,fp32,1,0,1,off,fps,0,0,0,1,0,18.58,26.9,0.0,6.6
2026-01-19T20:00:31.090,fp32,1,0,1,off,fps,0,0,0,1,0,17.8,26.9,0.0,72.3
2026-01-19T20:00:31.165,fp32,1,0,1,off,fps,0,0,0,1,0,17.14,18.4,0.0,62.1
2026-01-19T20:00:31.220,fp32,1,0,1,off,fps,0,0,0,1,0,16.74,18.4,0.0,31.3
2026-01-19T20:00:31.254,fp32,1,0,1,off,fps,0,0,0,1,0,16.54,18.4,0.0,8.5
2026-01-19T20:00:31.342,fp32,1,0,1,off,fps,0,0,0,1,0,15.85,18.4,0.0,72.5
2026-01-19T20:00:31.371,fp32,1,0,1,off,fps,0,0,0,1,0,16.17,18.4,0.0,5.5
2026-01-19T20:00:31.458,fp32,1,0,1,off,fps,0,0,0,1,0,15.58,18.4,0.0,70.3
2026-01-19T20:00:31.482,fp32,1,0,1,off,fps,0,0,0,1,0,15.48,18.4,0.0,6.0
2026-01-19T20:00:31.567,fp32,1,0,1,off,fps,0,0,0,1,0,14.91,18.4,0.0,71.7
2026-01-19T20:00:31.593,fp32,1,0,1,off,fps,0,0,0,1,0,14.81,18.4,0.0,9.6
2026-01-19T20:00:31.683,fp32,1,0,1,off,fps,0,0,0,1,0,14.29,18.4,0.0,75.8
2026-01-19T20:00:31.705,fp32,1,0,1,off,fps,0,0,0,1,0,14.25,18.4,0.0,9.9
2026-01-19T20:00:31.751,fp32,1,0,1,off,fps,0,0,0,1,0,14.01,18.4,0.0,46.8
2026-01-19T20:00:31.770,fp32,1,0,1,off,fps,0,0,0,1,0,13.99,18.4,0.0,12.2
2026-01-19T20:00:31.817,fp32,1,0,1,off,fps,0,0,0,1,0,13.79,18.4,0.0,46.1
2026-01-19T20:00:31.838,fp32,1,0,1,off,fps,0,0,0,1,0,13.73,18.4,0.0,7.4
2026-01-19T20:00:31.900,fp32,1,0,1,off,fps,0,0,0,1,0,13.44,18.4,0.0,50.4
2026-01-19T20:00:31.923,fp32,1,0,1,off,fps,0,0,0,1,0,13.38,18.4,0.0,6.3
2026-01-19T20:00:31.965,fp32,1,0,1,off,fps,0,0,0,1,0,13.22,18.4,0.0,42.6
2026-01-19T20:00:31.989,fp32,1,0,1,off,fps,0,0,0,1,0,13.18,18.4,0.0,14.2
2026-01-19T20:00:32.064,fp32,1,0,1,off,fps,0,0,0,1,0,21.82,18.4,0.0,74.6
2026-01-19T20:00:32.087,fp32,1,0,1,off,fps,0,0,0,1,0,22.41,18.4,0.0,14.0
2026-01-19T20:00:32.154,fp32,1,0,1,off,fps,0,0,0,1,0,21.8,18.4,0.0,67.7
2026-01-19T20:00:32.183,fp32,1,0,1,off,fps,0,0,0,1,0,22.19,18.4,0.0,12.7
2026-01-19T20:00:32.256,fp32,1,0,1,off,fps,0,0,0,1,0,21.44,18.4,0.0,60.2
2026-01-19T20:00:32.279,fp32,1,0,1,off,fps,0,0,0,1,0,21.9,18.4,0.0,11.4
2026-01-19T20:00:32.381,fp32,1,0,1,off,fps,0,0,0,1,0,20.6,5.1,0.0,101.9
2026-01-19T20:00:32.403,fp32,1,0,1,off,fps,0,0,0,1,0,21.03,5.1,0.0,6.7
2026-01-19T20:00:32.499,fp32,1,0,1,off,fps,0,0,0,1,0,20.03,5.1,0.0,79.2
2026-01-19T20:00:32.522,fp32,1,0,1,off,fps,0,0,0,1,0,20.95,5.1,0.0,7.5
2026-01-19T20:00:32.607,fp32,1,0,1,off,fps,0,0,0,1,0,20.8,5.1,0.0,69.5
2026-01-19T20:00:32.632,fp32,1,0,1,off,fps,0,0,0,1,0,21.25,5.1,0.0,6.6
2026-01-19T20:00:32.701,fp32,1,0,1,off,fps,0,0,0,1,0,20.73,5.1,0.0,52.2
2026-01-19T20:00:32.729,fp32,1,0,1,off,fps,0,0,0,1,0,21.63,5.1,0.0,7.7
2026-01-19T20:00:32.808,fp32,1,0,1,off,fps,0,0,0,1,0,20.88,5.1,0.0,63.0
2026-01-19T20:00:32.837,fp32,1,0,1,off,fps,0,0,0,1,0,21.75,5.1,0.0,6.9
2026-01-19T20:00:32.927,fp32,1,0,1,off,fps,0,0,0,1,0,20.72,5.1,0.0,74.3
2026-01-19T20:00:32.951,fp32,1,0,1,off,fps,0,0,0,1,0,21.68,5.1,0.0,7.3
2026-01-19T20:00:33.032,fp32,1,0,1,off,fps,0,0,0,1,0,20.85,5.1,0.0,64.1
2026-01-19T20:00:34.726,fp32,1,0,1,off,fps,1,0,0,1,0,9.86,5.1,0.0,1684.0
2026-01-19T20:00:34.824,fp32,1,0,1,off,fps,1,0,0,1,0,9.62,5.1,0.0,74.5
2026-01-19T20:00:34.882,fp32,1,0,1,off,fps,1,0,0,1,0,9.58,5.1,0.0,45.5
2026-01-19T20:00:34.955,fp32,1,0,1,off,fps,1,0,0,1,0,9.42,5.1,0.0,63.5
2026-01-19T20:00:35.017,fp32,1,0,1,off,fps,1,0,0,1,0,9.37,5.1,0.0,45.4
2026-01-19T20:00:35.091,fp32,1,0,1,off,fps,1,0,0,1,0,9.22,5.1,0.0,64.2
2026-01-19T20:00:35.144,fp32,1,0,1,off,fps,1,0,0,1,0,9.25,5.1,0.0,46.8
2026-01-19T20:00:35.229,fp32,1,0,1,off,fps,1,0,0,1,0,9.07,5.1,0.0,71.1
2026-01-19T20:00:35.299,fp32,1,0,1,off,fps,1,0,0,1,0,9.0,5.1,0.0,54.4
2026-01-19T20:00:35.380,fp32,1,0,1,off,fps,1,0,0,1,0,8.85,5.1,0.0,73.4
2026-01-19T20:00:35.444,fp32,1,0,1,off,fps,1,0,0,1,0,8.87,5.1,0.0,44.1
2026-01-19T20:00:35.521,fp32,1,0,1,off,fps,1,0,0,1,0,8.74,5.1,0.0,65.5
2026-01-19T20:00:35.649,fp32,1,0,1,off,fps,1,0,0,1,0,8.59,9.8,0.0,106.6
2026-01-19T20:00:35.727,fp32,1,0,1,off,fps,1,0,0,1,0,8.46,9.8,0.0,66.6
2026-01-19T20:00:35.820,fp32,1,0,1,off,fps,1,0,0,1,0,8.42,9.8,0.0,63.8
2026-01-19T20:00:35.907,fp32,1,0,1,off,fps,1,0,0,1,0,8.27,9.8,0.0,70.3
2026-01-19T20:00:35.982,fp32,1,0,1,off,fps,1,0,0,1,0,8.33,9.8,0.0,59.2
2026-01-19T20:00:36.076,fp32,1,0,1,off,fps,1,0,0,1,0,8.17,9.8,0.0,82.8
2026-01-19T20:00:36.142,fp32,1,0,1,off,fps,1,0,0,1,0,8.23,9.8,0.0,45.3
2026-01-19T20:00:36.223,fp32,1,0,1,off,fps,1,0,0,1,0,8.1,9.8,0.0,71.9
2026-01-19T20:00:36.322,fp32,1,0,1,off,fps,1,0,0,1,0,8.08,9.8,0.0,84.5
2026-01-19T20:00:36.457,fp32,1,0,1,off,fps,1,0,0,1,0,7.84,9.8,0.0,115.2
2026-01-19T20:00:36.580,fp32,1,0,1,off,fps,1,0,0,1,0,7.73,9.8,0.0,103.3
2026-01-19T20:00:36.724,fp32,1,0,1,off,fps,1,0,0,1,0,7.51,9.8,0.0,128.1
2026-01-19T20:00:36.793,fp32,1,0,1,off,fps,1,0,0,1,0,7.53,9.8,0.0,47.2
2026-01-19T20:00:36.893,fp32,1,0,1,off,fps,1,0,0,1,0,7.4,9.8,0.0,76.1
2026-01-19T20:00:36.957,fp32,1,0,1,off,fps,1,0,0,1,0,7.44,9.8,0.0,53.8
2026-01-19T20:00:37.042,fp32,1,0,1,off,fps,1,0,0,1,0,7.33,9.8,0.0,69.0
2026-01-19T20:00:37.101,fp32,1,0,1,off,fps,1,0,0,1,0,7.37,9.8,0.0,41.5
2026-01-19T20:00:37.183,fp32,1,0,1,off,fps,1,0,0,1,0,12.21,9.8,0.0,69.7
2026-01-19T20:00:37.286,fp32,1,0,1,off,fps,1,0,0,1,0,12.19,9.8,0.0,86.9
2026-01-19T20:00:37.409,fp32,1,0,1,off,fps,1,0,0,1,0,11.87,9.8,0.0,106.6
2026-01-19T20:00:37.470,fp32,1,0,1,off,fps,1,0,0,1,0,11.93,9.8,0.0,50.2
2026-01-19T20:00:37.609,fp32,1,0,1,off,fps,1,0,0,1,0,11.57,9.8,0.0,117.6
2026-01-19T20:00:37.677,fp32,1,0,1,off,fps,1,0,0,1,0,11.6,9.8,0.0,50.0
2026-01-19T20:00:37.823,fp32,1,0,1,off,fps,1,0,0,1,0,11.2,9.8,0.0,127.0
2026-01-19T20:00:37.933,fp32,1,0,1,off,fps,1,0,0,1,0,11.1,9.8,0.0,86.1
2026-01-19T20:00:38.142,fp32,1,0,1,off,fps,1,0,0,1,0,10.55,0.0,0.0,177.9
2026-01-19T20:00:38.308,fp32,1,0,1,off,fps,1,0,0,1,0,10.25,0.0,0.0,145.0
2026-01-19T20:00:38.412,fp32,1,0,1,off,fps,1,0,0,1,0,10.11,0.0,0.0,71.9
2026-01-19T20:00:38.497,fp32,1,0,1,off,fps,1,0,0,1,0,10.08,0.0,0.0,53.2
2026-01-19T20:00:38.597,fp32,1,0,1,off,fps,1,0,0,1,0,10.17,0.0,0.0,82.0
2026-01-19T20:00:38.676,fp32,1,0,1,off,fps,1,0,0,1,0,10.17,0.0,0.0,59.0
2026-01-19T20:00:38.768,fp32,1,0,1,off,fps,1,0,0,1,0,10.17,0.0,0.0,79.6
2026-01-19T20:00:38.852,fp32,1,0,1,off,fps,1,0,0,1,0,10.18,0.0,0.0,61.9
2026-01-19T20:00:38.951,fp32,1,0,1,off,fps,1,0,0,1,0,10.1,0.0,0.0,88.6
2026-01-19T20:00:39.018,fp32,1,0,1,off,fps,1,0,0,1,0,10.2,0.0,0.0,53.1
2026-01-19T20:00:39.110,fp32,1,0,1,off,fps,1,0,0,1,0,10.11,0.0,0.0,73.7
2026-01-19T20:00:39.175,fp32,1,0,1,off,fps,1,0,0,1,0,10.16,0.0,0.0,53.5
2026-01-19T20:00:39.302,fp32,1,0,1,off,fps,1,0,0,1,0,10.07,0.0,0.0,125.1
2026-01-19T20:00:39.408,fp32,1,0,1,off,fps,1,0,0,1,0,10.17,0.0,0.0,99.1
2026-01-19T20:00:39.550,fp32,1,0,1,off,fps,1,0,0,1,0,10.1,0.0,0.0,134.9
2026-01-19T20:00:39.754,fp32,1,0,1,off,fps,1,0,0,1,0,9.9,0.0,0.0,180.6
2026-01-19T20:00:39.846,fp32,1,0,1,off,fps,1,0,0,1,0,9.83,0.0,0.0,77.0
2026-01-19T20:00:39.907,fp32,1,0,1,off,fps,1,0,0,1,0,9.96,0.0,0.0,51.6
2026-01-19T20:00:40.060,fp32,1,0,1,off,fps,1,0,0,1,0,9.67,0.0,0.0,133.8
2026-01-19T20:00:40.210,fp32,1,0,1,off,fps,1,0,0,1,0,9.47,0.0,0.0,118.4
2026-01-19T20:00:40.291,fp32,1,0,1,off,fps,1,0,0,1,0,9.4,0.0,0.0,65.1
2026-01-19T20:00:40.372,fp32,1,0,1,off,fps,1,0,0,1,0,9.41,0.0,0.0,60.4
2026-01-19T20:00:40.447,fp32,1,0,1,off,fps,1,0,0,1,0,9.49,0.0,0.0,64.8
2026-01-19T20:00:40.525,fp32,1,0,1,off,fps,1,0,0,1,0,9.63,0.0,0.0,72.2
2026-01-19T20:00:40.647,fp32,1,0,1,off,fps,1,0,0,1,0,9.44,0.0,0.0,99.9
2026-01-19T20:00:40.792,fp32,1,0,1,off,fps,1,0,0,1,0,9.43,0.0,0.0,127.3
2026-01-19T20:00:40.886,fp32,1,0,1,off,fps,0,0,0,1,0,9.35,0.0,0.0,69.8
2026-01-19T20:00:40.917,fp32,1,0,1,off,fps,0,0,0,1,0,9.7,0.0,0.0,7.5
2026-01-19T20:00:41.011,fp32,1,0,1,off,fps,0,0,0,1,0,9.74,0.0,0.0,69.5
2026-01-19T20:00:41.035,fp32,1,0,1,off,fps,0,0,0,1,0,10.37,0.0,0.0,7.6
2026-01-19T20:00:41.124,fp32,1,0,1,off,fps,0,0,0,1,0,10.65,0.0,0.0,72.9
2026-01-19T20:00:41.145,fp32,1,0,1,off,fps,0,0,0,1,0,10.97,0.0,0.0,7.4
2026-01-19T20:00:41.197,fp32,1,0,1,off,fps,0,0,0,1,0,11.11,0.0,0.0,36.2
2026-01-19T20:00:41.223,fp32,1,0,1,off,fps,0,0,0,1,0,11.43,0.0,0.0,7.6
2026-01-19T20:00:41.296,fp32,1,0,1,off,fps,0,0,0,1,0,11.45,0.0,0.0,56.2
2026-01-19T20:00:41.317,fp32,1,0,1,off,fps,0,0,0,1,0,11.77,0.0,0.0,6.4
2026-01-19T20:00:41.388,fp32,1,0,1,off,fps,0,0,0,1,0,11.83,0.0,0.0,54.7
2026-01-19T20:00:41.411,fp32,1,0,1,off,fps,0,0,0,1,0,12.2,0.0,0.0,6.9
2026-01-19T20:00:41.505,fp32,1,0,1,off,fps,0,0,0,1,0,12.06,0.0,0.0,78.2
2026-01-19T20:00:41.529,fp32,1,0,1,off,fps,0,0,0,1,0,12.4,0.0,0.0,7.7
2026-01-19T20:00:41.633,fp32,1,0,1,off,fps,0,0,0,1,0,12.22,0.0,0.0,85.6
2026-01-19T20:00:41.662,fp32,1,0,1,off,fps,0,0,0,1,0,12.71,0.0,0.0,12.2
2026-01-19T20:00:41.761,fp32,1,0,1,off,fps,0,0,0,1,0,12.75,0.0,0.0,98.6
2026-01-19T20:00:41.786,fp32,1,0,1,off,fps,0,0,0,1,0,13.42,0.0,0.0,9.2
2026-01-19T20:00:41.870,fp32,1,0,1,off,fps,0,0,0,1,0,14.17,0.0,0.0,82.2
2026-01-19T20:00:41.892,fp32,1,0,1,off,fps,0,0,0,1,0,14.67,0.0,0.0,5.5
2026-01-19T20:00:41.978,fp32,1,0,1,off,fps,0,0,0,1,0,14.49,0.0,0.0,83.9
2026-01-19T20:00:42.001,fp32,1,0,1,off,fps,0,0,0,1,0,15.45,0.0,0.0,7.4
2026-01-19T20:00:42.086,fp32,1,0,1,off,fps,0,0,0,1,0,15.99,0.0,0.0,82.7
2026-01-19T20:00:42.111,fp32,1,0,1,off,fps,0,0,0,1,0,16.49,0.0,0.0,8.8
2026-01-19T20:00:42.236,fp32,1,0,1,off,fps,0,0,0,1,0,16.09,16.7,0.0,125.3
2026-01-19T20:00:42.258,fp32,1,0,1,off,fps,0,0,0,1,0,16.56,16.7,0.0,14.1
2026-01-19T20:00:42.332,fp32,1,0,1,off,fps,0,0,0,1,0,16.6,16.7,0.0,73.8
2026-01-19T20:00:42.359,fp32,1,0,1,off,fps,0,0,0,1,0,17.52,16.7,0.0,8.4
2026-01-19T20:00:42.424,fp32,1,0,1,off,fps,0,0,0,1,0,18.37,16.7,0.0,48.0
2026-01-19T20:00:42.458,fp32,1,0,1,off,fps,0,0,0,1,0,19.08,16.7,0.0,7.9
2026-01-19T20:00:42.544,fp32,1,0,1,off,fps,0,0,0,1,0,18.44,16.7,0.0,69.5
2026-01-19T20:00:42.569,fp32,1,0,1,off,fps,0,0,0,1,0,19.26,16.7,0.0,7.5
2026-01-19T20:00:42.654,fp32,1,0,1,off,fps,0,0,0,1,0,18.53,16.7,0.0,69.7
2026-01-19T20:00:42.676,fp32,1,0,1,off,fps,0,0,0,1,0,19.33,16.7,0.0,6.3
2026-01-19T20:00:42.745,fp32,1,0,1,off,fps,0,0,0,1,0,18.75,16.7,0.0,52.8
2026-01-19T20:00:42.771,fp32,1,0,1,off,fps,0,0,0,1,0,19.06,16.7,0.0,7.6
2026-01-19T20:00:42.854,fp32,1,0,1,off,fps,0,0,0,1,0,18.4,16.7,0.0,66.5
2026-01-19T20:00:42.882,fp32,1,0,1,off,fps,0,0,0,1,0,18.91,16.7,0.0,7.4
2026-01-19T20:00:42.961,fp32,1,0,1,off,fps,0,0,0,1,0,18.24,16.7,0.0,63.7
2026-01-19T20:00:42.992,fp32,1,0,1,off,fps,0,0,0,1,0,18.7,16.7,0.0,6.8
2026-01-19T20:00:43.080,fp32,1,0,1,off,fps,0,0,0,1,0,17.98,16.7,0.0,71.2
2026-01-19T20:00:43.103,fp32,1,0,1,off,fps,0,0,0,1,0,18.77,16.7,0.0,7.7
2026-01-19T20:00:43.188,fp32,1,0,1,off,fps,0,0,0,1,0,18.09,16.7,0.0,68.1
2026-01-19T20:00:43.585,fp32,1,0,1,off,fps,1,0,0,1,0,15.35,16.7,0.0,378.1
2026-01-19T20:00:43.874,fp32,1,0,1,off,fps,1,0,0,1,0,13.56,16.7,0.0,276.9
2026-01-19T20:00:44.121,fp32,1,0,1,off,fps,1,0,0,1,0,12.71,16.7,0.0,233.0
2026-01-19T20:00:44.482,fp32,1,0,1,off,fps,1,0,0,1,0,11.13,16.7,0.0,348.7
2026-01-19T20:00:44.742,fp32,1,0,1,off,fps,1,0,0,1,0,10.45,16.7,0.0,237.1
2026-01-19T20:00:45.138,fp32,1,0,1,off,fps,1,0,0,1,0,9.24,16.7,0.0,372.0
2026-01-19T20:00:45.518,fp32,1,0,1,off,fps,1,0,0,1,0,8.47,15.1,0.0,347.6
2026-01-19T20:00:45.878,fp32,1,0,1,off,fps,1,0,0,1,0,7.74,15.1,0.0,336.0
2026-01-19T20:00:46.167,fp32,1,0,1,off,fps,1,0,0,1,0,7.35,15.1,0.0,276.8
2026-01-19T20:00:46.449,fp32,1,0,1,off,fps,1,0,0,1,0,6.92,15.1,0.0,249.8
2026-01-19T20:00:46.781,fp32,1,0,1,off,fps,1,0,0,1,0,6.6,15.1,0.0,306.5
2026-01-19T20:00:47.063,fp32,1,0,1,off,fps,1,0,0,1,0,6.24,15.1,0.0,263.9
2026-01-19T20:00:47.361,fp32,1,0,1,off,fps,1,0,0,1,0,5.97,15.1,0.0,268.3
2026-01-19T20:00:47.631,fp32,1,0,1,off,fps,1,0,0,1,0,5.69,15.1,0.0,245.6
2026-01-19T20:00:47.898,fp32,1,0,1,off,fps,1,0,0,1,0,5.48,15.1,0.0,253.2
2026-01-19T20:00:48.170,fp32,1,0,1,off,fps,1,0,0,1,0,5.25,15.1,0.0,249.4
2026-01-19T20:00:48.427,fp32,1,0,1,off,fps,1,0,0,1,0,5.1,15.1,0.0,245.2
2026-01-19T20:00:48.750,fp32,1,0,1,off,fps,1,0,0,1,0,4.85,15.1,0.0,322.9
2026-01-19T20:00:49.166,fp32,1,0,1,off,fps,1,0,0,1,0,4.61,15.1,0.0,400.5
2026-01-19T20:00:49.452,fp32,1,0,1,off,fps,1,0,0,1,0,4.43,15.1,0.0,265.1
2026-01-19T20:00:49.756,fp32,1,0,1,off,fps,1,0,0,1,0,4.28,15.1,0.0,293.5
2026-01-19T20:00:50.077,fp32,1,0,1,off,fps,1,0,0,1,0,4.11,15.1,0.0,288.3
2026-01-19T20:00:50.335,fp32,1,0,1,off,fps,1,0,0,1,0,4.01,15.1,0.0,237.4
2026-01-19T20:00:50.379,fp32,1,0,1,off,fps,0,0,0,1,0,4.0,15.1,0.0,32.7
2026-01-19T20:00:50.416,fp32,1,0,1,off,fps,0,0,0,1,0,4.02,15.1,0.0,5.8
2026-01-19T20:00:50.503,fp32,1,0,1,off,fps,0,0,0,1,0,3.99,15.1,0.0,71.3
2026-01-19T20:00:50.526,fp32,1,0,1,off,fps,0,0,0,1,0,4.03,15.1,0.0,7.4
2026-01-19T20:00:50.612,fp32,1,0,1,off,fps,0,0,0,1,0,4.0,15.1,0.0,69.9
2026-01-19T20:00:50.638,fp32,1,0,1,off,fps,0,0,0,1,0,4.03,15.1,0.0,7.7
2026-01-19T20:00:50.725,fp32,1,0,1,off,fps,0,0,0,1,0,4.2,15.1,0.0,71.2
2026-01-19T20:00:50.749,fp32,1,0,1,off,fps,0,0,0,1,0,4.36,15.1,0.0,7.5
2026-01-19T20:00:50.887,fp32,1,0,1,off,fps,0,0,0,1,0,4.43,12.3,0.0,122.5
2026-01-19T20:00:50.908,fp32,1,0,1,off,fps,0,0,0,1,0,4.67,12.3,0.0,8.3
2026-01-19T20:00:51.004,fp32,1,0,1,off,fps,0,0,0,1,0,4.79,12.3,0.0,94.1
2026-01-19T20:00:51.026,fp32,1,0,1,off,fps,0,0,0,1,0,5.1,12.3,0.0,8.1
2026-01-19T20:00:51.112,fp32,1,0,1,off,fps,0,0,0,1,0,5.36,12.3,0.0,79.0
2026-01-19T20:00:51.136,fp32,1,0,1,off,fps,0,0,0,1,0,5.71,12.3,0.0,8.4
2026-01-19T20:00:51.225,fp32,1,0,1,off,fps,0,0,0,1,0,5.93,12.3,0.0,72.8
2026-01-19T20:00:51.246,fp32,1,0,1,off,fps,0,0,0,1,0,6.25,12.3,0.0,7.2
2026-01-19T20:00:51.299,fp32,1,0,1,off,fps,0,0,0,1,0,6.64,12.3,0.0,36.8
2026-01-19T20:00:51.326,fp32,1,0,1,off,fps,0,0,0,1,0,7.04,12.3,0.0,7.2
2026-01-19T20:00:51.380,fp32,1,0,1,off,fps,0,0,0,1,0,7.47,12.3,0.0,52.2
2026-01-19T20:00:51.397,fp32,1,0,1,off,fps,0,0,0,1,0,7.97,12.3,0.0,10.1
2026-01-19T20:00:51.438,fp32,1,0,1,off,fps,0,0,0,1,0,8.47,12.3,0.0,41.6
2026-01-19T20:00:51.457,fp32,1,0,1,off,fps,0,0,0,1,0,9.13,12.3,0.0,6.7
2026-01-19T20:00:51.515,fp32,1,0,1,off,fps,0,0,0,1,0,9.72,12.3,0.0,45.3
2026-01-19T20:00:51.536,fp32,1,0,1,off,fps,0,0,0,1,0,10.77,12.3,0.0,21.0
2026-01-19T20:00:51.587,fp32,1,0,1,off,fps,0,0,0,1,0,12.39,12.3,0.0,51.1
2026-01-19T20:00:51.626,fp32,1,0,1,off,fps,0,0,0,1,0,13.79,12.3,0.0,7.5
2026-01-19T20:00:51.714,fp32,1,0,1,off,fps,0,0,0,1,0,15.33,12.3,0.0,85.5
2026-01-19T20:00:51.736,fp32,1,0,1,off,fps,0,0,0,1,0,18.08,12.3,0.0,9.0
2026-01-19T20:00:51.821,fp32,1,0,1,off,fps,0,0,0,1,0,20.19,12.3,0.0,71.5
2026-01-19T20:00:51.845,fp32,1,0,1,off,fps,0,0,0,1,0,20.47,12.3,0.0,8.4
2026-01-19T20:00:51.931,fp32,1,0,1,off,fps,0,0,0,1,0,19.79,12.3,0.0,70.2
2026-01-19T20:00:51.956,fp32,1,0,1,off,fps,0,0,0,1,0,20.64,12.3,0.0,8.5
2026-01-19T20:00:52.049,fp32,1,0,1,off,fps,0,0,0,1,0,19.71,12.3,0.0,78.0
2026-01-19T20:00:52.127,fp32,1,0,1,off,fps,0,0,0,1,0,19.81,1.9,0.0,62.9
2026-01-19T20:00:52.230,fp32,1,0,1,off,fps,0,0,0,1,0,18.85,1.9,0.0,76.8
2026-01-19T20:00:52.300,fp32,1,0,1,off,fps,0,0,0,1,0,19.06,1.9,0.0,18.9
2026-01-19T20:00:52.381,fp32,1,0,1,off,fps,0,0,0,1,0,18.38,1.9,0.0,50.8
2026-01-19T20:00:52.410,fp32,1,0,1,off,fps,0,0,0,1,0,19.7,1.9,0.0,12.3
2026-01-19T20:00:52.466,fp32,1,0,1,off,fps,0,0,0,1,0,19.24,1.9,0.0,40.7
2026-01-19T20:00:52.488,fp32,1,0,1,off,fps,0,0,0,1,0,20.21,1.9,0.0,12.2
2026-01-19T20:00:52.540,fp32,1,0,1,off,fps,0,0,0,1,0,19.82,1.9,0.0,35.7
2026-01-19T20:00:52.567,fp32,1,0,1,off,fps,0,0,0,1,0,20.62,1.9,0.0,7.7
2026-01-19T20:00:52.656,fp32,1,0,1,off,fps,0,0,0,1,0,19.74,1.9,0.0,72.7
2026-01-19T20:00:52.682,fp32,1,0,1,off,fps,0,0,0,1,0,20.6,1.9,0.0,10.0
2026-01-19T20:00:52.765,fp32,1,0,1,off,fps,0,0,0,1,0,19.76,1.9,0.0,82.9
2026-01-19T20:00:52.785,fp32,1,0,1,off,fps,0,0,0,1,0,20.19,1.9,0.0,7.7
2026-01-19T20:00:52.876,fp32,1,0,1,off,fps,0,0,0,1,0,19.36,1.9,0.0,74.9
2026-01-19T20:00:52.898,fp32,1,0,1,off,fps,0,0,0,1,0,19.74,1.9,0.0,16.2
2026-01-19T20:00:52.985,fp32,1,0,1,off,fps,0,0,0,1,0,18.89,1.9,0.0,84.2
2026-01-19T20:00:53.004,fp32,1,0,1,off,fps,0,0,0,1,0,19.16,1.9,0.0,7.9
2026-01-19T20:00:53.103,fp32,1,0,1,off,fps,0,0,0,1,0,18.23,1.9,0.0,83.6
2026-01-19T20:00:53.125,fp32,1,0,1,off,fps,0,0,0,1,0,18.63,1.9,0.0,15.4
2026-01-19T20:00:53.211,fp32,1,0,1,off,fps,0,0,0,1,0,17.9,1.9,0.0,84.4
2026-01-19T20:00:53.232,fp32,1,0,1,off,fps,0,0,0,1,0,18.24,1.9,0.0,6.6
2026-01-19T20:00:53.303,fp32,1,0,1,off,fps,0,0,0,1,0,17.89,1.9,0.0,55.0
2026-01-19T20:00:53.327,fp32,1,0,1,off,fps,0,0,0,1,0,18.59,1.9,0.0,8.1
2026-01-19T20:00:53.414,fp32,1,0,1,off,fps,0,0,0,1,0,17.88,1.9,0.0,71.3
2026-01-19T20:00:53.438,fp32,1,0,1,off,fps,0,0,0,1,0,18.55,1.9,0.0,8.1
2026-01-19T20:00:53.576,fp32,1,0,1,off,fps,0,0,0,1,0,17.33,33.3,0.0,124.1
2026-01-19T20:00:53.594,fp32,1,0,1,off,fps,0,0,0,1,0,18.04,33.3,0.0,7.6
2026-01-19T20:00:53.640,fp32,1,0,1,off,fps,0,0,0,1,0,17.82,33.3,0.0,29.6
2026-01-19T20:00:53.661,fp32,1,0,1,off,fps,0,0,0,1,0,18.6,33.3,0.0,9.0
2026-01-19T20:00:53.715,fp32,1,0,1,off,fps,0,0,0,1,0,18.89,33.3,0.0,37.8
2026-01-19T20:00:53.743,fp32,1,0,1,off,fps,0,0,0,1,0,19.83,33.3,0.0,7.6
2026-01-19T20:00:53.811,fp32,1,0,1,off,fps,0,0,0,1,0,19.84,33.3,0.0,53.1
2026-01-19T20:00:53.834,fp32,1,0,1,off,fps,0,0,0,1,0,20.64,33.3,0.0,7.3
2026-01-19T20:00:53.879,fp32,1,0,1,off,fps,0,0,0,1,0,20.42,33.3,0.0,27.7
2026-01-19T20:00:53.895,fp32,1,0,1,off,fps,0,0,0,1,0,21.0,33.3,0.0,5.4
2026-01-19T20:00:53.966,fp32,1,0,1,off,fps,0,0,0,1,0,20.3,33.3,0.0,55.3
2026-01-19T20:00:53.992,fp32,1,0,1,off,fps,0,0,0,1,0,20.66,33.3,0.0,10.0
2026-01-19T20:00:54.079,fp32,1,0,1,off,fps,0,0,0,1,0,19.85,33.3,0.0,72.7
2026-01-19T20:00:54.108,fp32,1,0,1,off,fps,0,0,0,1,0,20.66,33.3,0.0,13.1
2026-01-19T20:00:54.200,fp32,1,0,1,off,fps,0,0,0,1,0,19.76,33.3,0.0,76.6
2026-01-19T20:00:54.235,fp32,1,0,1,off,fps,0,0,0,1,0,20.4,33.3,0.0,19.2
2026-01-19T20:00:54.322,fp32,1,0,1,off,fps,0,0,0,1,0,19.51,33.3,0.0,71.3
2026-01-19T20:00:54.346,fp32,1,0,1,off,fps,0,0,0,1,0,20.4,33.3,0.0,7.9
2026-01-19T20:00:54.433,fp32,1,0,1,off,fps,0,0,0,1,0,19.55,33.3,0.0,70.6
2026-01-19T20:00:54.456,fp32,1,0,1,off,fps,0,0,0,1,0,20.39,33.3,0.0,22.6
2026-01-19T20:00:54.522,fp32,1,0,1,off,fps,0,0,0,1,0,19.76,33.3,0.0,66.6
2026-01-19T20:00:54.544,fp32,1,0,1,off,fps,0,0,0,1,0,20.83,33.3,0.0,17.3
2026-01-19T20:00:54.609,fp32,1,0,1,off,fps,0,0,0,1,0,20.22,33.3,0.0,54.0
2026-01-19T20:00:54.628,fp32,1,0,1,off,fps,0,0,0,1,0,21.18,33.3,0.0,11.2
2026-01-19T20:00:54.680,fp32,1,0,1,off,fps,0,0,0,1,0,20.72,33.3,0.0,43.5
2026-01-19T20:00:54.754,fp32,1,0,1,off,fps,0,0,0,1,0,20.68,6.0,0.0,59.7
2026-01-19T20:00:54.790,fp32,1,0,1,off,fps,0,0,0,1,0,20.5,6.0,0.0,25.6
2026-01-19T20:00:54.824,fp32,1,0,1,off,fps,0,0,0,1,0,21.27,6.0,0.0,8.3
2026-01-19T20:00:54.873,fp32,1,0,1,off,fps,0,0,0,1,0,20.9,6.0,0.0,31.7
2026-01-19T20:00:54.913,fp32,1,0,1,off,fps,0,0,0,1,0,22.45,6.0,0.0,8.5
2026-01-19T20:00:54.956,fp32,1,0,1,off,fps,0,0,0,1,0,22.03,6.0,0.0,27.7
2026-01-19T20:00:54.975,fp32,1,0,1,off,fps,0,0,0,1,0,22.47,6.0,0.0,7.3
2026-01-19T20:00:55.018,fp32,1,0,1,off,fps,0,0,0,1,0,22.11,6.0,0.0,27.3
2026-01-19T20:00:55.037,fp32,1,0,1,off,fps,0,0,0,1,0,22.7,6.0,0.0,7.4
2026-01-19T20:00:55.083,fp32,1,0,1,off,fps,0,0,0,1,0,22.39,6.0,0.0,30.2
2026-01-19T20:00:55.100,fp32,1,0,1,off,fps,0,0,0,1,0,23.29,6.0,0.0,7.3
2026-01-19T20:00:55.143,fp32,1,0,1,off,fps,0,0,0,1,0,22.93,6.0,0.0,27.4
2026-01-19T20:00:55.165,fp32,1,0,1,off,fps,0,0,0,1,0,23.32,6.0,0.0,8.4
2026-01-19T20:00:55.205,fp32,1,0,1,off,fps,0,0,0,1,0,22.91,6.0,0.0,27.7
2026-01-19T20:00:55.225,fp32,1,0,1,off,fps,0,0,0,1,0,23.83,6.0,0.0,8.4
2026-01-19T20:00:55.270,fp32,1,0,1,off,fps,0,0,0,1,0,23.48,6.0,0.0,28.9
2026-01-19T20:00:55.346,fp16,1,0,1,off,fps,0,0,0,1,0,23.67,6.0,0.0,9.5
2026-01-19T20:00:55.410,fp16,1,0,1,off,fps,0,0,0,1,0,23.03,6.0,0.0,49.8
2026-01-19T20:00:55.435,fp16,1,0,1,off,fps,0,0,0,1,0,24.29,6.0,0.0,7.7
2026-01-19T20:00:55.495,fp16,1,0,1,off,fps,0,0,0,1,0,23.82,6.0,0.0,43.4
2026-01-19T20:00:55.514,fp16,1,0,1,off,fps,0,0,0,1,0,25.17,6.0,0.0,8.4
2026-01-19T20:00:55.561,fp16,1,0,1,off,fps,0,0,0,1,0,24.69,6.0,0.0,31.2
2026-01-19T20:00:55.592,fp16,1,0,1,off,fps,0,0,0,1,0,25.88,6.0,0.0,7.5
2026-01-19T20:00:55.637,fp16,1,0,1,off,fps,0,0,0,1,0,25.41,6.0,0.0,44.2
2026-01-19T20:00:55.654,fp16,1,0,1,off,fps,0,0,0,1,0,26.51,6.0,0.0,9.7
2026-01-19T20:00:55.778,fp16,1,0,1,off,fps,0,0,0,1,0,24.45,35.0,0.0,116.7
2026-01-19T20:00:55.851,fp16,1,0,1,off,fps,0,0,0,1,0,24.16,35.0,0.0,64.5
2026-01-19T20:00:55.900,fp16,1,0,1,off,fps,0,0,0,1,0,23.58,35.0,0.0,49.1
2026-01-19T20:00:55.921,fp16,1,0,1,off,fps,0,0,0,1,0,24.17,35.0,0.0,7.4
2026-01-19T20:00:55.965,fp16,1,0,1,off,fps,0,0,0,1,0,24.76,35.0,0.0,28.8
2026-01-19T20:00:56.031,fp16,1,0,1,off,fps,0,0,0,1,0,24.17,35.0,0.0,52.0
2026-01-19T20:00:56.092,fp16,1,0,1,off,fps,0,0,0,1,0,23.67,35.0,0.0,44.7
2026-01-19T20:00:56.114,fp16,1,0,1,off,fps,0,0,0,1,0,24.18,35.0,0.0,19.4
2026-01-19T20:00:56.167,fp16,1,0,1,off,fps,0,0,0,1,0,23.92,35.0,0.0,36.8
2026-01-19T20:00:56.194,fp16,1,0,1,off,fps,0,0,0,1,0,24.25,35.0,0.0,13.5
2026-01-19T20:00:56.255,fp16,1,0,1,off,fps,0,0,0,1,0,23.44,35.0,0.0,45.6
2026-01-19T20:00:56.286,fp16,1,0,1,off,fps,0,0,0,1,0,23.66,35.0,0.0,7.3
2026-01-19T20:00:56.333,fp16,1,0,1,off,fps,0,0,0,1,0,23.14,35.0,0.0,31.4
2026-01-19T20:00:56.364,fp16,1,0,1,off,fps,0,0,0,1,0,23.41,35.0,0.0,7.4
2026-01-19T20:00:56.427,fp16,1,0,1,off,fps,0,0,0,1,0,22.6,35.0,0.0,48.5
2026-01-19T20:00:56.451,fp16,1,0,1,off,fps,0,0,0,1,0,22.94,35.0,0.0,7.3
2026-01-19T20:00:56.506,fp16,1,0,1,off,fps,0,0,0,1,0,22.37,35.0,0.0,39.6
2026-01-19T20:00:56.532,fp16,1,0,1,off,fps,0,0,0,1,0,22.61,35.0,0.0,7.3
2026-01-19T20:00:56.579,fp16,1,0,1,off,fps,0,0,0,1,0,22.15,35.0,0.0,31.6
2026-01-19T20:00:56.611,fp16,1,0,1,off,fps,0,0,0,1,0,22.37,35.0,0.0,7.3
2026-01-19T20:00:56.659,fp16,1,0,1,off,fps,0,0,0,1,0,22.86,35.0,0.0,31.5
2026-01-19T20:00:56.690,fp16,1,0,1,off,fps,0,0,0,1,0,23.44,35.0,0.0,7.4
2026-01-19T20:00:56.729,fp16,1,0,1,off,fps,0,0,0,1,0,23.19,35.0,0.0,23.1
2026-01-19T20:00:56.752,fp16,1,0,1,off,fps,0,0,0,1,0,23.86,35.0,0.0,9.0
2026-01-19T20:00:56.805,fp16,1,0,1,off,fps,0,0,0,1,0,23.25,35.0,0.0,37.0
2026-01-19T20:00:56.885,fp16,1,0,1,off,fps,0,0,0,1,0,22.67,20.4,0.0,62.1
2026-01-19T20:00:56.945,fp16,1,0,1,off,fps,0,0,0,1,0,22.17,20.4,0.0,34.7
2026-01-19T20:00:56.964,fp16,1,0,1,off,fps,0,0,0,1,0,22.6,20.4,0.0,8.8
2026-01-19T20:00:57.035,fp16,1,0,1,off,fps,0,0,0,1,0,21.72,20.4,0.0,39.6
2026-01-19T20:00:57.058,fp16,1,0,1,off,fps,0,0,0,1,0,23.29,20.4,0.0,7.3
2026-01-19T20:00:57.104,fp16,1,0,1,off,fps,0,0,0,1,0,23.94,20.4,0.0,29.5
2026-01-19T20:00:57.134,fp16,1,0,1,off,fps,0,0,0,1,0,24.32,20.4,0.0,6.5
2026-01-19T20:00:57.184,fp16,1,0,1,off,fps,0,0,0,1,0,23.75,20.4,0.0,34.5
2026-01-19T20:00:57.313,fp16,1,0,1,off,fps,1,0,0,1,0,22.27,20.4,0.0,117.0
2026-01-19T20:00:57.456,fp16,1,0,1,off,fps,1,0,0,1,0,21.07,20.4,0.0,123.2
2026-01-19T20:00:57.580,fp16,1,0,1,off,fps,1,0,0,1,0,20.16,20.4,0.0,114.5
2026-01-19T20:00:57.719,fp16,1,0,1,off,fps,1,0,0,1,0,18.69,20.4,0.0,119.0
2026-01-19T20:00:57.807,fp16,1,0,1,off,fps,1,0,0,1,0,18.29,20.4,0.0,74.4
2026-01-19T20:00:57.987,fp16,1,0,1,off,fps,1,0,0,1,0,16.73,20.4,0.0,151.9
2026-01-19T20:00:58.090,fp16,1,0,1,off,fps,1,0,0,1,0,16.35,20.4,0.0,88.6
2026-01-19T20:00:58.255,fp16,1,0,1,off,fps,1,0,0,1,0,15.24,20.4,0.0,150.7
2026-01-19T20:00:58.372,fp16,1,0,1,off,fps,1,0,0,1,0,14.71,20.4,0.0,86.6
2026-01-19T20:00:58.481,fp16,1,0,1,off,fps,1,0,0,1,0,14.18,20.4,0.0,92.3
2026-01-19T20:00:58.600,fp16,1,0,1,off,fps,1,0,0,1,0,13.81,20.4,0.0,95.5
2026-01-19T20:00:58.759,fp16,1,0,1,off,fps,1,0,0,1,0,13.0,20.4,0.0,135.3
2026-01-19T20:00:58.869,fp16,1,0,1,off,fps,1,0,0,1,0,12.7,20.4,0.0,94.2
2026-01-19T20:00:59.027,fp16,1,0,1,off,fps,1,0,0,1,0,12.02,20.4,0.0,134.4
2026-01-19T20:00:59.133,fp16,1,0,1,off,fps,1,0,0,1,0,11.75,20.4,0.0,90.0
2026-01-19T20:00:59.271,fp16,1,0,1,off,fps,1,0,0,1,0,11.28,20.4,0.0,125.9
2026-01-19T20:00:59.361,fp16,1,0,1,off,fps,1,0,0,1,0,11.1,20.4,0.0,75.7
2026-01-19T20:00:59.570,fp16,1,0,1,off,fps,1,0,0,1,0,10.42,14.6,0.0,183.6
2026-01-19T20:00:59.673,fp16,1,0,1,off,fps,1,0,0,1,0,10.19,14.6,0.0,103.0
2026-01-19T20:00:59.818,fp16,1,0,1,off,fps,1,0,0,1,0,9.78,14.6,0.0,129.0
2026-01-19T20:00:59.928,fp16,1,0,1,off,fps,1,0,0,1,0,9.61,14.6,0.0,88.7
2026-01-19T20:01:00.058,fp16,1,0,1,off,fps,1,0,0,1,0,9.45,14.6,0.0,117.5
2026-01-19T20:01:00.173,fp16,1,0,1,off,fps,1,0,0,1,0,9.3,14.6,0.0,98.4
2026-01-19T20:01:00.324,fp16,1,0,1,off,fps,1,0,0,1,0,8.93,14.6,0.0,129.7
2026-01-19T20:01:00.416,fp16,1,0,1,off,fps,1,0,0,1,0,8.87,14.6,0.0,72.1
2026-01-19T20:01:00.549,fp16,1,0,1,off,fps,1,0,0,1,0,8.59,14.6,0.0,116.8
2026-01-19T20:01:00.659,fp16,1,0,1,off,fps,1,0,0,1,0,8.44,14.6,0.0,78.1
2026-01-19T20:01:00.813,fp16,1,0,1,off,fps,1,0,0,1,0,8.15,14.6,0.0,130.0
2026-01-19T20:01:00.928,fp16,1,0,1,off,fps,1,0,0,1,0,8.01,14.6,0.0,95.2
2026-01-19T20:01:01.069,fp16,1,0,1,off,fps,1,0,0,1,0,7.99,14.6,0.0,134.0
2026-01-19T20:01:01.182,fp16,1,0,1,off,fps,1,0,0,1,0,8.05,14.6,0.0,99.2
2026-01-19T20:01:01.257,fp16,1,0,1,off,fps,0,0,0,1,0,8.16,14.6,0.0,57.5
2026-01-19T20:01:01.285,fp16,1,0,1,off,fps,0,0,0,1,0,8.41,14.6,0.0,6.0
2026-01-19T20:01:01.335,fp16,1,0,1,off,fps,0,0,0,1,0,8.5,14.6,0.0,33.4
2026-01-19T20:01:01.363,fp16,1,0,1,off,fps,0,0,0,1,0,8.89,14.6,0.0,7.2
2026-01-19T20:01:01.420,fp16,1,0,1,off,fps,0,0,0,1,0,9.01,14.6,0.0,41.4
2026-01-19T20:01:01.440,fp16,1,0,1,off,fps,0,0,0,1,0,9.42,14.6,0.0,7.5
2026-01-19T20:01:01.498,fp16,1,0,1,off,fps,0,0,0,1,0,9.6,14.6,0.0,41.9
2026-01-19T20:01:01.517,fp16,1,0,1,off,fps,0,0,0,1,0,9.88,14.6,0.0,7.8
2026-01-19T20:01:01.576,fp16,1,0,1,off,fps,0,0,0,1,0,10.08,14.6,0.0,43.2
2026-01-19T20:01:01.602,fp16,1,0,1,off,fps,0,0,0,1,0,10.55,14.6,0.0,7.5
2026-01-19T20:01:01.657,fp16,1,0,1,off,fps,0,0,0,1,0,10.76,14.6,0.0,39.1
2026-01-19T20:01:01.734,fp16,1,0,1,off,fps,0,0,0,1,0,11.08,19.7,0.0,60.9
2026-01-19T20:01:01.800,fp16,1,0,1,off,fps,0,0,0,1,0,11.25,19.7,0.0,55.4
2026-01-19T20:01:01.822,fp16,1,0,1,off,fps,0,0,0,1,0,11.76,19.7,0.0,9.2
2026-01-19T20:01:01.892,fp16,1,0,1,off,fps,0,0,0,1,0,11.85,19.7,0.0,54.0
2026-01-19T20:01:01.917,fp16,1,0,1,off,fps,0,0,0,1,0,12.78,19.7,0.0,7.6
2026-01-19T20:01:01.967,fp16,1,0,1,off,fps,0,0,0,1,0,13.08,19.7,0.0,50.3
2026-01-19T20:01:01.986,fp16,1,0,1,off,fps,0,0,0,1,0,13.84,19.7,0.0,18.9
2026-01-19T20:01:02.058,fp16,1,0,1,off,fps,0,0,0,1,0,14.08,19.7,0.0,72.2
2026-01-19T20:01:02.076,fp16,1,0,1,off,fps,0,0,0,1,0,14.87,19.7,0.0,6.3
2026-01-19T20:01:02.135,fp16,1,0,1,off,fps,0,0,0,1,0,15.29,19.7,0.0,48.5
2026-01-19T20:01:02.157,fp16,1,0,1,off,fps,0,0,0,1,0,16.37,19.7,0.0,17.9
2026-01-19T20:01:02.196,fp16,1,0,1,off,fps,0,0,0,1,0,16.86,19.7,0.0,22.7
2026-01-19T20:01:02.233,fp16,1,0,1,off,fps,0,0,0,1,0,17.82,19.7,0.0,20.8
2026-01-19T20:01:02.295,fp16,1,0,1,off,fps,0,0,0,1,0,18.34,19.7,0.0,46.4
2026-01-19T20:01:02.311,fp16,1,0,1,off,fps,0,0,0,1,0,20.02,19.7,0.0,6.9
2026-01-19T20:01:02.380,fp16,1,0,1,off,fps,0,0,0,1,0,20.65,19.7,0.0,52.7
2026-01-19T20:01:02.402,fp16,1,0,1,off,fps,0,0,0,1,0,22.5,19.7,0.0,6.4
2026-01-19T20:01:02.450,fp16,1,0,1,off,fps,0,0,0,1,0,23.67,19.7,0.0,31.1
2026-01-19T20:01:02.481,fp16,1,0,1,off,fps,0,0,0,1,0,24.52,19.7,0.0,8.3
2026-01-19T20:01:02.532,fp16,1,0,1,off,fps,0,0,0,1,0,24.05,19.7,0.0,35.9
2026-01-19T20:01:02.559,fp16,1,0,1,off,fps,0,0,0,1,0,24.51,19.7,0.0,6.4
2026-01-19T20:01:02.604,fp16,1,0,1,off,fps,0,0,0,1,0,24.17,19.7,0.0,29.7
2026-01-19T20:01:02.631,fp16,1,0,1,off,fps,0,0,0,1,0,24.77,19.7,0.0,3.4
2026-01-19T20:01:02.688,fp16,1,0,1,off,fps,0,0,0,1,0,24.03,19.7,0.0,41.0
2026-01-19T20:01:02.711,fp16,1,0,1,off,fps,0,0,0,1,0,24.73,19.7,0.0,6.5
2026-01-19T20:01:02.813,fp16,1,0,1,off,fps,0,0,0,1,0,23.16,12.1,0.0,86.2
2026-01-19T20:01:09.870,fp16,1,0,1,off,fps,1,0,0,1,0,3.62,12.1,0.0,7043.3
2026-01-19T20:01:10.268,fp16,1,0,1,off,fps,1,0,0,1,0,3.46,12.1,0.0,382.0
2026-01-19T20:01:10.678,fp16,1,0,1,off,fps,1,0,0,1,0,3.33,12.1,0.0,406.7
2026-01-19T20:01:11.157,fp16,1,0,1,off,fps,1,0,0,1,0,3.18,12.1,0.0,463.2
2026-01-19T20:01:11.510,fp16,1,0,1,off,fps,1,0,0,1,0,3.09,12.1,0.0,338.4
2026-01-19T20:01:11.903,fp16,1,0,1,off,fps,1,0,0,1,0,2.98,12.1,0.0,377.6
2026-01-19T20:01:12.427,fp16,1,0,1,off,fps,1,0,0,1,0,2.85,12.1,0.0,520.8
2026-01-19T20:01:12.757,fp16,1,0,1,off,fps,1,0,0,1,0,2.77,12.1,0.0,314.2
2026-01-19T20:01:13.027,fp16,1,0,1,off,fps,1,0,0,1,0,2.71,12.1,0.0,270.9
2026-01-19T20:01:13.363,fp16,1,0,1,off,fps,1,0,0,1,0,2.64,12.1,0.0,327.3
2026-01-19T20:01:13.624,fp16,1,0,1,off,fps,1,0,0,1,0,2.59,12.1,0.0,244.1
2026-01-19T20:01:13.960,fp16,1,0,1,off,fps,1,0,0,1,0,2.52,12.1,0.0,335.9
2026-01-19T20:01:14.290,fp16,1,0,1,off,fps,1,0,0,1,0,2.47,12.1,0.0,314.6
2026-01-19T20:01:14.715,fp16,1,0,1,off,fps,1,0,0,1,0,2.39,12.1,0.0,408.2
2026-01-19T20:01:15.042,fp16,1,0,1,off,fps,1,0,0,1,0,2.34,12.1,0.0,308.8
2026-01-19T20:01:15.374,fp16,1,0,1,off,fps,1,0,0,1,0,2.28,12.1,0.0,299.6
2026-01-19T20:01:15.717,fp16,1,0,1,off,fps,1,0,0,1,0,2.24,12.1,0.0,319.9
2026-01-19T20:01:15.758,fp16,1,0,1,off,fps,0,0,0,1,0,2.23,12.1,0.0,29.0
2026-01-19T20:01:15.785,fp16,1,0,1,off,fps,0,0,0,1,0,2.24,12.1,0.0,6.7
2026-01-19T20:01:15.864,fp16,1,0,1,off,fps,0,0,0,1,0,2.23,12.1,0.0,63.5
2026-01-19T20:01:15.897,fp16,1,0,1,off,fps,0,0,0,1,0,2.23,12.1,0.0,8.5
2026-01-19T20:01:15.985,fp16,1,0,1,off,fps,0,0,0,1,0,2.22,12.1,0.0,71.0
2026-01-19T20:01:16.008,fp16,1,0,1,off,fps,0,0,0,1,0,2.23,12.1,0.0,7.5
2026-01-19T20:01:16.096,fp16,1,0,1,off,fps,0,0,0,1,0,2.22,12.1,0.0,71.6
2026-01-19T20:01:16.174,fp16,1,0,1,off,fps,0,0,0,1,0,2.21,7.5,0.0,62.5
2026-01-19T20:01:16.273,fp16,1,0,1,off,fps,0,0,0,1,0,2.2,7.5,0.0,73.6
2026-01-19T20:01:16.292,fp16,1,0,1,off,fps,0,0,0,1,0,2.21,7.5,0.0,7.7
2026-01-19T20:01:16.379,fp16,1,0,1,off,fps,0,0,0,1,0,2.19,7.5,0.0,72.7
2026-01-19T20:01:16.400,fp16,1,0,1,off,fps,0,0,0,1,0,2.21,7.5,0.0,7.4
2026-01-19T20:01:16.483,fp16,1,0,1,off,fps,0,0,0,1,0,4.54,7.5,0.0,73.4
2026-01-19T20:01:16.509,fp16,1,0,1,off,fps,0,0,0,1,0,4.81,7.5,0.0,9.7
2026-01-19T20:01:16.597,fp16,1,0,1,off,fps,0,0,0,1,0,5.07,7.5,0.0,77.7
2026-01-19T20:01:16.614,fp16,1,0,1,off,fps,0,0,0,1,0,5.5,7.5,0.0,7.7
2026-01-19T20:01:16.677,fp16,1,0,1,off,fps,0,0,0,1,0,5.81,7.5,0.0,47.7
2026-01-19T20:01:16.695,fp16,1,0,1,off,fps,0,0,0,1,0,6.26,7.5,0.0,13.7
2026-01-19T20:01:16.738,fp16,1,0,1,off,fps,0,0,0,1,0,6.96,7.5,0.0,28.0
2026-01-19T20:01:16.755,fp16,1,0,1,off,fps,0,0,0,1,0,7.5,7.5,0.0,7.1
2026-01-19T20:01:16.801,fp16,1,0,1,off,fps,0,0,0,1,0,7.95,7.5,0.0,46.2
2026-01-19T20:01:16.822,fp16,1,0,1,off,fps,0,0,0,1,0,8.67,7.5,0.0,12.5
2026-01-19T20:01:16.914,fp16,1,0,1,off,fps,0,0,0,1,0,9.12,7.5,0.0,74.9
2026-01-19T20:01:16.934,fp16,1,0,1,off,fps,0,0,0,1,0,10.09,7.5,0.0,7.5
2026-01-19T20:01:17.022,fp16,1,0,1,off,fps,0,0,0,1,0,10.98,7.5,0.0,72.0
2026-01-19T20:01:17.044,fp16,1,0,1,off,fps,0,0,0,1,0,12.88,7.5,0.0,7.5
2026-01-19T20:01:17.127,fp16,1,0,1,off,fps,0,0,0,1,0,14.39,7.5,0.0,67.7
2026-01-19T20:01:17.153,fp16,1,0,1,off,fps,0,0,0,1,0,16.87,7.5,0.0,7.4
2026-01-19T20:01:17.219,fp16,1,0,1,off,fps,0,0,0,1,0,19.98,7.5,0.0,50.1
2026-01-19T20:01:17.248,fp16,1,0,1,off,fps,0,0,0,1,0,20.13,7.5,0.0,7.7
2026-01-19T20:01:17.317,fp16,1,0,1,off,fps,0,0,0,1,0,19.59,7.5,0.0,52.5
2026-01-19T20:01:17.364,fp16,1,0,1,off,fps,0,0,0,1,0,20.01,7.5,0.0,12.3
2026-01-19T20:01:17.490,fp16,1,0,1,off,fps,0,0,0,1,0,18.84,4.1,0.0,110.0
2026-01-19T20:01:17.516,fp16,1,0,1,off,fps,0,0,0,1,0,19.59,4.1,0.0,9.7
2026-01-19T20:01:17.617,fp16,1,0,1,off,fps,0,0,0,1,0,18.65,4.1,0.0,68.9
2026-01-19T20:01:17.667,fp16,1,0,1,off,fps,0,0,0,1,0,19.1,4.1,0.0,8.4
2026-01-19T20:01:17.747,fp16,1,0,1,off,fps,0,0,0,1,0,19.07,4.1,0.0,66.4
2026-01-19T20:01:17.768,fp16,1,0,1,off,fps,0,0,0,1,0,20.07,4.1,0.0,8.4
2026-01-19T20:01:17.812,fp16,1,0,1,off,fps,0,0,0,1,0,19.74,4.1,0.0,39.3
2026-01-19T20:01:17.834,fp16,1,0,1,off,fps,0,0,0,1,0,20.62,4.1,0.0,14.5
2026-01-19T20:01:17.871,fp16,1,0,1,off,fps,0,0,0,1,0,20.39,4.1,0.0,37.3
2026-01-19T20:01:17.893,fp16,1,0,1,off,fps,0,0,0,1,0,21.29,4.1,0.0,9.0
2026-01-19T20:01:17.948,fp16,1,0,1,off,fps,0,0,0,1,0,20.85,4.1,0.0,55.0
2026-01-19T20:01:17.972,fp16,1,0,1,off,fps,0,0,0,1,0,21.82,4.1,0.0,8.3
2026-01-19T20:01:18.058,fp16,1,0,1,off,fps,0,0,0,1,0,20.77,4.1,0.0,86.6
2026-01-19T20:01:18.080,fp16,1,0,1,off,fps,0,0,0,1,0,21.39,4.1,0.0,7.6
2026-01-19T20:01:18.177,fp16,1,0,1,off,fps,0,0,0,1,0,20.24,4.1,0.0,81.9
2026-01-19T20:01:18.200,fp16,1,0,1,off,fps,0,0,0,1,0,20.51,4.1,0.0,17.3
2026-01-19T20:01:18.286,fp16,1,0,1,off,fps,0,0,0,1,0,19.59,4.1,0.0,70.5
2026-01-19T20:01:18.316,fp16,1,0,1,off,fps,0,0,0,1,0,19.81,4.1,0.0,13.3
2026-01-19T20:01:18.404,fp16,1,0,1,off,fps,0,0,0,1,0,18.97,4.1,0.0,74.5
2026-01-19T20:01:18.425,fp16,1,0,1,off,fps,0,0,0,1,0,19.84,4.1,0.0,9.9
2026-01-19T20:01:18.494,fp16,1,0,1,off,fps,0,0,0,1,0,19.23,4.1,0.0,69.0
2026-01-19T20:01:18.516,fp16,1,0,1,off,fps,0,0,0,1,0,20.09,4.1,0.0,16.2
2026-01-19T20:01:18.586,fp16,1,0,1,off,fps,0,0,0,1,0,19.45,4.1,0.0,54.3
2026-01-19T20:01:18.611,fp16,1,0,1,off,fps,0,0,0,1,0,20.23,4.1,0.0,7.5
2026-01-19T20:01:18.698,fp16,1,0,1,off,fps,0,0,0,1,0,19.41,4.1,0.0,71.0
2026-01-19T20:01:18.778,fp16,1,0,1,off,fps,0,0,0,1,0,19.24,20.6,0.0,63.6
2026-01-19T20:01:18.875,fp16,1,0,1,off,fps,0,0,0,1,0,18.43,20.6,0.0,88.4
2026-01-19T20:01:18.903,fp16,1,0,1,off,fps,0,0,0,1,0,18.92,20.6,0.0,8.3
2026-01-19T20:01:18.957,fp16,1,0,1,off,fps,0,0,0,1,0,18.84,20.6,0.0,21.9
2026-01-19T20:01:18.981,fp16,1,0,1,off,fps,0,0,0,1,0,20.12,20.6,0.0,8.4
2026-01-19T20:01:19.028,fp16,1,0,1,off,fps,0,0,0,1,0,19.84,20.6,0.0,30.9
2026-01-19T20:01:19.060,fp16,1,0,1,off,fps,0,0,0,1,0,20.78,20.6,0.0,7.3
2026-01-19T20:01:19.111,fp16,1,0,1,off,fps,0,0,0,1,0,20.77,20.6,0.0,34.3
2026-01-19T20:01:19.138,fp16,1,0,1,off,fps,0,0,0,1,0,21.58,20.6,0.0,7.6
2026-01-19T20:01:19.225,fp16,1,0,1,off,fps,0,0,0,1,0,20.59,20.6,0.0,71.2
2026-01-19T20:01:19.248,fp16,1,0,1,off,fps,0,0,0,1,0,20.89,20.6,0.0,7.3
2026-01-19T20:01:19.333,fp16,1,0,1,off,fps,0,0,0,1,0,20.02,20.6,0.0,70.7
2026-01-19T20:01:19.364,fp16,1,0,1,off,fps,0,0,0,1,0,20.1,20.6,0.0,12.6
2026-01-19T20:01:19.450,fp16,1,0,1,off,fps,0,0,0,1,0,19.26,20.6,0.0,78.4
2026-01-19T20:01:19.483,fp16,1,0,1,off,fps,0,0,0,1,0,19.54,20.6,0.0,16.9
2026-01-19T20:01:19.551,fp16,1,0,1,off,fps,0,0,0,1,0,19.0,20.6,0.0,66.1
2026-01-19T20:01:19.577,fp16,1,0,1,off,fps,0,0,0,1,0,19.76,20.6,0.0,9.7
2026-01-19T20:01:19.647,fp16,1,0,1,off,fps,0,0,0,1,0,19.14,20.6,0.0,70.5
2026-01-19T20:01:19.671,fp16,1,0,1,off,fps,0,0,0,1,0,20.08,20.6,0.0,8.1
2026-01-19T20:01:19.759,fp16,1,0,1,off,fps,0,0,0,1,0,19.24,20.6,0.0,71.6
2026-01-19T20:01:19.784,fp16,1,0,1,off,fps,0,0,0,1,0,20.03,20.6,0.0,9.0
2026-01-19T20:01:19.871,fp16,1,0,1,off,fps,0,0,0,1,0,19.29,20.6,0.0,70.4
2026-01-19T20:01:19.896,fp16,1,0,1,off,fps,0,0,0,1,0,20.11,20.6,0.0,9.1
2026-01-19T20:01:19.983,fp16,1,0,1,off,fps,0,0,0,1,0,19.26,20.6,0.0,70.6
2026-01-19T20:01:20.007,fp16,1,0,1,off,fps,0,0,0,1,0,19.83,20.6,0.0,8.4
2026-01-19T20:01:20.109,fp16,1,0,1,off,fps,0,0,0,1,0,18.83,11.1,0.0,92.6
2026-01-19T20:01:20.129,fp16,1,0,1,off,fps,0,0,0,1,0,19.44,11.1,0.0,7.4
2026-01-19T20:01:20.217,fp16,1,0,1,off,fps,0,0,0,1,0,18.68,11.1,0.0,87.4
2026-01-19T20:01:20.242,fp16,1,0,1,off,fps,0,0,0,1,0,19.46,11.1,0.0,8.7
2026-01-19T20:01:20.330,fp16,1,0,1,off,fps,0,0,0,1,0,19.33,11.1,0.0,72.9
2026-01-19T20:01:20.354,fp16,1,0,1,off,fps,0,0,0,1,0,20.29,11.1,0.0,7.6
2026-01-19T20:01:20.447,fp16,1,0,1,off,fps,0,0,0,1,0,19.42,11.1,0.0,74.1
2026-01-19T20:01:20.470,fp16,1,0,1,off,fps,0,0,0,1,0,19.83,11.1,0.0,6.5
2026-01-19T20:01:20.556,fp16,1,0,1,off,fps,0,0,0,1,0,19.04,11.1,0.0,84.3
2026-01-19T20:01:20.582,fp16,1,0,1,off,fps,0,0,0,1,0,19.3,11.1,0.0,9.7
2026-01-19T20:01:20.668,fp16,1,0,1,off,fps,0,0,0,1,0,18.66,11.1,0.0,84.2
2026-01-19T20:01:20.690,fp16,1,0,1,off,fps,0,0,0,1,0,19.0,11.1,0.0,7.9
2026-01-19T20:01:20.778,fp16,1,0,1,off,fps,0,0,0,1,0,18.29,11.1,0.0,85.8
2026-01-19T20:01:20.800,fp16,1,0,1,off,fps,0,0,0,1,0,19.05,11.1,0.0,8.5
2026-01-19T20:01:20.889,fp16,1,0,1,off,fps,0,0,0,1,0,18.3,11.1,0.0,71.0
2026-01-19T20:01:20.910,fp16,1,0,1,off,fps,0,0,0,1,0,19.02,11.1,0.0,5.6
2026-01-19T20:01:20.999,fp16,1,0,1,off,fps,0,0,0,1,0,18.35,11.1,0.0,72.2
2026-01-19T20:01:21.023,fp16,1,0,1,off,fps,0,0,0,1,0,19.08,11.1,0.0,7.8
2026-01-19T20:01:21.110,fp16,1,0,1,off,fps,0,0,0,1,0,18.43,11.1,0.0,71.5
2026-01-19T20:01:21.133,fp16,1,0,1,off,fps,0,0,0,1,0,18.97,11.1,0.0,6.3
2026-01-19T20:01:21.188,fp16,1,0,1,off,fps,0,0,0,1,0,18.62,11.1,0.0,39.3
2026-01-19T20:01:21.213,fp16,1,0,1,off,fps,0,0,0,1,0,19.16,11.1,0.0,7.2
2026-01-19T20:01:21.276,fp16,1,0,1,off,fps,0,0,0,1,0,18.69,11.1,0.0,47.3
2026-01-19T20:01:21.307,fp16,1,0,1,off,fps,0,0,0,1,0,19.38,11.1,0.0,8.4
2026-01-19T20:01:21.393,fp16,1,0,1,off,fps,0,0,0,1,0,18.65,11.1,0.0,71.8
2026-01-19T20:01:21.474,fp16,1,0,1,off,fps,0,0,0,1,0,18.72,9.1,0.0,64.6
2026-01-19T20:01:21.571,fp16,1,0,1,off,fps,0,0,0,1,0,17.9,9.1,0.0,73.6
2026-01-19T20:01:21.594,fp16,1,0,1,off,fps,0,0,0,1,0,18.61,9.1,0.0,8.5
2026-01-19T20:01:21.685,fp16,1,0,1,off,fps,0,0,0,1,0,17.88,9.1,0.0,73.8
2026-01-19T20:01:21.831,int8,1,0,1,off,fps,0,0,0,1,0,17.42,9.1,0.0,13.1
2026-01-19T20:01:21.887,int8,1,0,1,off,fps,0,0,0,1,0,17.07,9.1,0.0,45.2
2026-01-19T20:01:21.912,int8,1,0,1,off,fps,0,0,0,1,0,17.7,9.1,0.0,5.5
2026-01-19T20:01:21.958,int8,1,0,1,off,fps,0,0,0,1,0,17.45,9.1,0.0,30.8
2026-01-19T20:01:21.990,int8,1,0,1,off,fps,0,0,0,1,0,18.08,9.1,0.0,7.9
2026-01-19T20:01:22.037,int8,1,0,1,off,fps,0,0,0,1,0,17.82,9.1,0.0,31.6
2026-01-19T20:01:22.054,int8,1,0,1,off,fps,0,0,0,1,0,18.67,9.1,0.0,7.4
2026-01-19T20:01:22.096,int8,1,0,1,off,fps,0,0,0,1,0,18.45,9.1,0.0,26.4
2026-01-19T20:01:22.135,int8,1,0,1,off,fps,0,0,0,1,0,19.0,9.1,0.0,7.3
2026-01-19T20:01:22.191,int8,1,0,1,off,fps,0,0,0,1,0,18.65,9.1,0.0,39.7
2026-01-19T20:01:22.219,int8,1,0,1,off,fps,0,0,0,1,0,19.34,9.1,0.0,17.2
2026-01-19T20:01:22.316,int8,1,0,1,off,fps,0,0,0,1,0,18.45,9.1,0.0,88.6
2026-01-19T20:01:22.363,int8,1,0,1,off,fps,0,0,0,1,0,18.92,9.1,0.0,23.6
2026-01-19T20:01:22.412,int8,1,0,1,off,fps,0,0,0,1,0,18.6,9.1,0.0,33.1
2026-01-19T20:01:22.441,int8,1,0,1,off,fps,0,0,0,1,0,19.3,9.1,0.0,7.4
2026-01-19T20:01:22.486,int8,1,0,1,off,fps,0,0,0,1,0,19.03,9.1,0.0,29.5
2026-01-19T20:01:22.519,int8,1,0,1,off,fps,0,0,0,1,0,19.73,9.1,0.0,7.4
2026-01-19T20:01:22.567,int8,1,0,1,off,fps,0,0,0,1,0,19.42,9.1,0.0,31.8
2026-01-19T20:01:22.597,int8,1,0,1,off,fps,0,0,0,1,0,20.18,9.1,0.0,6.3
2026-01-19T20:01:22.642,int8,1,0,1,off,fps,0,0,0,1,0,19.88,9.1,0.0,29.2
2026-01-19T20:01:22.660,int8,1,0,1,off,fps,0,0,0,1,0,20.38,9.1,0.0,8.4
2026-01-19T20:01:22.757,int8,1,0,1,off,fps,0,0,0,1,0,19.43,17.1,0.0,97.2
2026-01-19T20:01:22.781,int8,1,0,1,off,fps,0,0,0,1,0,19.93,17.1,0.0,11.4
2026-01-19T20:01:22.836,int8,1,0,1,off,fps,0,0,0,1,0,19.63,17.1,0.0,38.0
2026-01-19T20:01:22.856,int8,1,0,1,off,fps,0,0,0,1,0,20.5,17.1,0.0,12.7
2026-01-19T20:01:22.913,int8,1,0,1,off,fps,0,0,0,1,0,20.84,17.1,0.0,43.6
2026-01-19T20:01:22.933,int8,1,0,1,off,fps,0,0,0,1,0,22.04,17.1,0.0,8.0
2026-01-19T20:01:22.992,int8,1,0,1,off,fps,0,0,0,1,0,21.47,17.1,0.0,43.3
2026-01-19T20:01:23.011,int8,1,0,1,off,fps,0,0,0,1,0,22.63,17.1,0.0,7.8
2026-01-19T20:01:23.257,int8,1,0,1,off,fps,0,0,0,1,0,21.05,17.1,0.0,230.1
2026-01-19T20:01:23.287,int8,1,0,1,off,fps,0,0,0,1,0,21.43,17.1,0.0,8.7
2026-01-19T20:01:23.336,int8,1,0,1,off,fps,0,0,0,1,0,21.07,17.1,0.0,33.6
2026-01-19T20:01:23.364,int8,1,0,1,off,fps,0,0,0,1,0,21.34,17.1,0.0,7.6
2026-01-19T20:01:23.452,int8,1,0,1,off,fps,0,0,0,1,0,20.52,17.1,0.0,71.6
2026-01-19T20:01:23.471,int8,1,0,1,off,fps,0,0,0,1,0,20.93,17.1,0.0,7.5
2026-01-19T20:01:23.524,int8,1,0,1,off,fps,0,0,0,1,0,20.42,17.1,0.0,28.6
2026-01-19T20:01:23.545,int8,1,0,1,off,fps,0,0,0,1,0,20.71,17.1,0.0,11.6
2026-01-19T20:01:23.597,int8,1,0,1,off,fps,0,0,0,1,0,20.53,17.1,0.0,35.9
2026-01-19T20:01:23.624,int8,1,0,1,off,fps,0,0,0,1,0,20.94,17.1,0.0,7.3
2026-01-19T20:01:23.673,int8,1,0,1,off,fps,0,0,0,1,0,20.63,17.1,0.0,33.7
2026-01-19T20:01:23.701,int8,1,0,1,off,fps,0,0,0,1,0,21.66,17.1,0.0,7.3
2026-01-19T20:01:23.741,int8,1,0,1,off,fps,0,0,0,1,0,21.77,17.1,0.0,40.1
2026-01-19T20:01:23.760,int8,1,0,1,off,fps,0,0,0,1,0,22.25,17.1,0.0,8.4
2026-01-19T20:01:23.831,int8,1,0,1,off,fps,0,0,0,1,0,21.59,17.1,0.0,62.2
2026-01-19T20:01:23.851,int8,1,0,1,off,fps,0,0,0,1,0,21.99,17.1,0.0,14.7
2026-01-19T20:01:23.903,int8,1,0,1,off,fps,0,0,0,1,0,21.68,17.1,0.0,52.0
2026-01-19T20:01:23.972,int8,1,0,1,off,fps,0,0,0,1,0,21.35,10.4,0.0,67.7
2026-01-19T20:01:24.020,int8,1,0,1,off,fps,0,0,0,1,0,21.07,10.4,0.0,33.8
2026-01-19T20:01:24.043,int8,1,0,1,off,fps,0,0,0,1,0,21.41,10.4,0.0,8.9
2026-01-19T20:01:24.102,int8,1,0,1,off,fps,0,0,0,1,0,20.8,10.4,0.0,43.0
2026-01-19T20:01:24.120,int8,1,0,1,off,fps,0,0,0,1,0,22.02,10.4,0.0,8.2
2026-01-19T20:01:24.160,int8,1,0,1,off,fps,0,0,0,1,0,21.76,10.4,0.0,32.8
2026-01-19T20:01:24.178,int8,1,0,1,off,fps,0,0,0,1,0,22.35,10.4,0.0,7.5
2026-01-19T20:01:24.230,int8,1,0,1,off,fps,0,0,0,1,0,21.85,10.4,0.0,51.6
2026-01-19T20:01:24.250,int8,1,0,1,off,fps,0,0,0,1,0,22.43,10.4,0.0,16.7
2026-01-19T20:01:24.298,int8,1,0,1,off,fps,0,0,0,1,0,21.97,10.4,0.0,47.6
2026-01-19T20:01:24.318,int8,1,0,1,off,fps,0,0,0,1,0,22.62,10.4,0.0,17.1
2026-01-19T20:01:24.367,int8,1,0,1,off,fps,0,0,0,1,0,22.12,10.4,0.0,33.1
2026-01-19T20:01:24.387,int8,1,0,1,off,fps,0,0,0,1,0,26.54,10.4,0.0,8.4
2026-01-19T20:01:24.432,int8,1,0,1,off,fps,0,0,0,1,0,26.2,10.4,0.0,28.3
2026-01-19T20:01:24.464,int8,1,0,1,off,fps,0,0,0,1,0,26.59,10.4,0.0,8.3
2026-01-19T20:01:24.512,int8,1,0,1,off,fps,0,0,0,1,0,26.13,10.4,0.0,32.0
2026-01-19T20:01:24.547,int8,1,0,1,off,fps,0,0,0,1,0,27.39,10.4,0.0,7.4
2026-01-19T20:01:24.603,int8,1,0,1,off,fps,0,0,0,1,0,26.5,10.4,0.0,40.0
2026-01-19T20:01:24.628,int8,1,0,1,off,fps,0,0,0,1,0,27.17,10.4,0.0,8.3
2026-01-19T20:01:24.685,int8,1,0,1,off,fps,0,0,0,1,0,26.31,10.4,0.0,42.4
2026-01-19T20:01:24.704,int8,1,0,1,off,fps,0,0,0,1,0,27.08,10.4,0.0,7.4
2026-01-19T20:01:24.749,int8,1,0,1,off,fps,0,0,0,1,0,26.64,10.4,0.0,30.0
2026-01-19T20:01:24.768,int8,1,0,1,off,fps,0,0,0,1,0,27.41,10.4,0.0,8.3
2026-01-19T20:01:24.817,int8,1,0,1,off,fps,0,0,0,1,0,26.88,10.4,0.0,33.2
2026-01-19T20:01:24.857,int8,1,0,1,off,fps,0,0,0,1,0,26.89,10.4,0.0,7.8
2026-01-19T20:01:24.965,int8,1,0,1,off,fps,0,0,0,1,0,24.91,25.0,0.0,92.0
2026-01-19T20:01:24.998,int8,1,0,1,off,fps,0,0,0,1,0,25.72,25.0,0.0,8.3
2026-01-19T20:01:25.049,int8,1,0,1,off,fps,0,0,0,1,0,25.05,25.0,0.0,36.1
2026-01-19T20:01:25.073,int8,1,0,1,off,fps,0,0,0,1,0,25.63,25.0,0.0,8.3
2026-01-19T20:01:25.114,int8,1,0,1,off,fps,0,0,0,1,0,26.27,25.0,0.0,25.1
2026-01-19T20:01:25.147,int8,1,0,1,off,fps,0,0,0,1,0,26.63,25.0,0.0,8.3
2026-01-19T20:01:25.212,int8,1,0,1,off,fps,0,0,0,1,0,25.68,25.0,0.0,49.0
2026-01-19T20:01:25.241,int8,1,0,1,off,fps,0,0,0,1,0,26.35,25.0,0.0,5.5
2026-01-19T20:01:25.292,int8,1,0,1,off,fps,0,0,0,1,0,25.61,25.0,0.0,34.7
2026-01-19T20:01:25.318,int8,1,0,1,off,fps,0,0,0,1,0,25.9,25.0,0.0,7.5
2026-01-19T20:01:25.380,int8,1,0,1,off,fps,0,0,0,1,0,24.95,25.0,0.0,46.2
2026-01-19T20:01:25.413,int8,1,0,1,off,fps,0,0,0,1,0,25.36,25.0,0.0,7.2
2026-01-19T20:01:25.460,int8,1,0,1,off,fps,0,0,0,1,0,24.8,25.0,0.0,31.2
2026-01-19T20:01:25.491,int8,1,0,1,off,fps,0,0,0,1,0,25.14,25.0,0.0,6.6
2026-01-19T20:01:25.549,int8,1,0,1,off,fps,0,0,0,1,0,24.37,25.0,0.0,46.4
2026-01-19T20:01:25.567,int8,1,0,1,off,fps,0,0,0,1,0,24.99,25.0,0.0,7.4
2026-01-19T20:01:25.625,int8,1,0,1,off,fps,0,0,0,1,0,24.22,25.0,0.0,42.1
2026-01-19T20:01:25.646,int8,1,0,1,off,fps,0,0,0,1,0,24.7,25.0,0.0,7.2
2026-01-19T20:01:25.688,int8,1,0,1,off,fps,0,0,0,1,0,24.5,25.0,0.0,26.5
2026-01-19T20:01:25.722,int8,1,0,1,off,fps,0,0,0,1,0,24.8,25.0,0.0,7.4
2026-01-19T20:01:25.778,int8,1,0,1,off,fps,0,0,0,1,0,24.38,25.0,0.0,39.3
2026-01-19T20:01:25.801,int8,1,0,1,off,fps,0,0,0,1,0,25.04,25.0,0.0,7.4
2026-01-19T20:01:25.848,int8,1,0,1,off,fps,0,0,0,1,0,24.59,25.0,0.0,30.7
2026-01-19T20:01:25.873,int8,1,0,1,off,fps,0,0,0,1,0,25.26,25.0,0.0,8.4
2026-01-19T20:01:25.920,int8,1,0,1,off,fps,0,0,0,1,0,24.69,25.0,0.0,33.2
2026-01-19T20:01:26.000,int8,1,0,1,off,fps,0,0,0,1,0,23.98,10.7,0.0,64.9
2026-01-19T20:01:26.050,int8,1,0,1,off,fps,0,0,0,1,0,23.4,10.7,0.0,37.2
2026-01-19T20:01:26.071,int8,1,0,1,off,fps,0,0,0,1,0,23.93,10.7,0.0,8.6
2026-01-19T20:01:26.130,int8,1,0,1,off,fps,0,0,0,1,0,23.56,10.7,0.0,52.6
2026-01-19T20:01:26.157,int8,1,0,1,off,fps,0,0,0,1,0,25.15,10.7,0.0,7.5
2026-01-19T20:01:26.209,int8,1,0,1,off,fps,0,0,0,1,0,24.76,10.7,0.0,35.8
2026-01-19T20:01:26.234,int8,1,0,1,off,fps,0,0,0,1,0,25.32,10.7,0.0,4.9
2026-01-19T20:01:26.288,int8,1,0,1,off,fps,0,0,0,1,0,24.69,10.7,0.0,39.0
2026-01-19T20:01:26.313,int8,1,0,1,off,fps,0,0,0,1,0,25.02,10.7,0.0,9.3
2026-01-19T20:01:26.369,int8,1,0,1,off,fps,0,0,0,1,0,24.55,10.7,0.0,39.9
2026-01-19T20:01:26.391,int8,1,0,1,off,fps,0,0,0,1,0,25.43,10.7,0.0,9.8
2026-01-19T20:01:26.431,int8,1,0,1,off,fps,0,0,0,1,0,25.21,10.7,0.0,23.6
2026-01-19T20:01:26.470,int8,1,0,1,off,fps,0,0,0,1,0,25.45,10.7,0.0,7.9
2026-01-19T20:01:26.515,int8,1,0,1,off,fps,0,0,0,1,0,25.07,10.7,0.0,27.0
2026-01-19T20:01:26.535,int8,1,0,1,off,fps,0,0,0,1,0,25.99,10.7,0.0,7.8
2026-01-19T20:01:26.582,int8,1,0,1,off,fps,0,0,0,1,0,25.65,10.7,0.0,31.3
2026-01-19T20:01:26.620,int8,1,0,1,off,fps,0,0,0,1,0,25.87,10.7,0.0,14.4
2026-01-19T20:01:26.669,int8,1,0,1,off,fps,0,0,0,1,0,25.48,10.7,0.0,32.2
2026-01-19T20:01:26.701,int8,1,0,1,off,fps,0,0,0,1,0,26.04,10.7,0.0,6.8
2026-01-19T20:01:26.750,int8,1,0,1,off,fps,0,0,0,1,0,25.36,10.7,0.0,33.1
2026-01-19T20:01:26.779,int8,1,0,1,off,fps,0,0,0,1,0,26.0,10.7,0.0,7.4
2026-01-19T20:01:26.828,int8,1,0,1,off,fps,0,0,0,1,0,25.39,10.7,0.0,32.2
2026-01-19T20:01:26.858,int8,1,0,1,off,fps,0,0,0,1,0,25.64,10.7,0.0,8.3
2026-01-19T20:01:26.907,int8,1,0,1,off,fps,0,0,0,1,0,25.31,10.7,0.0,33.4
2026-01-19T20:01:26.936,int8,1,0,1,off,fps,0,0,0,1,0,25.89,10.7,0.0,7.0
2026-01-19T20:01:27.051,int8,1,0,1,off,fps,0,0,0,1,0,24.0,14.3,0.0,98.3
2026-01-19T20:01:27.080,int8,1,0,1,off,fps,0,0,0,1,0,24.35,14.3,0.0,6.4
2026-01-19T20:01:27.135,int8,1,0,1,off,fps,0,0,0,1,0,23.77,14.3,0.0,45.1
2026-01-19T20:01:27.168,int8,1,0,1,off,fps,0,0,0,1,0,24.03,14.3,0.0,9.0
2026-01-19T20:01:27.213,int8,1,0,1,off,fps,0,0,0,1,0,24.73,14.3,0.0,24.0
2026-01-19T20:01:27.235,int8,1,0,1,off,fps,0,0,0,1,0,25.3,14.3,0.0,8.0
2026-01-19T20:01:27.279,int8,1,0,1,off,fps,0,0,0,1,0,24.83,14.3,0.0,27.5
2026-01-19T20:01:27.299,int8,1,0,1,off,fps,0,0,0,1,0,25.68,14.3,0.0,10.3
2026-01-19T20:01:27.346,int8,1,0,1,off,fps,0,0,0,1,0,25.24,14.3,0.0,32.0
2026-01-19T20:01:27.376,int8,1,0,1,off,fps,0,0,0,1,0,25.71,14.3,0.0,7.5
2026-01-19T20:01:27.424,int8,1,0,1,off,fps,0,0,0,1,0,25.19,14.3,0.0,32.3
2026-01-19T20:01:27.451,int8,1,0,1,off,fps,0,0,0,1,0,25.81,14.3,0.0,7.0
2026-01-19T20:01:27.508,int8,1,0,1,off,fps,0,0,0,1,0,25.11,14.3,0.0,41.1
2026-01-19T20:01:27.529,int8,1,0,1,off,fps,0,0,0,1,0,25.85,14.3,0.0,7.3
2026-01-19T20:01:27.579,int8,1,0,1,off,fps,0,0,0,1,0,25.26,14.3,0.0,34.8
2026-01-19T20:01:27.736,int8,1,0,1,off,fps,1,0,0,1,0,22.99,14.3,0.0,137.2
2026-01-19T20:01:27.893,int8,1,0,1,off,fps,1,0,0,1,0,21.09,14.3,0.0,140.1
2026-01-19T20:01:28.010,int8,1,0,1,off,fps,1,0,0,1,0,20.07,14.3,0.0,99.2
2026-01-19T20:01:28.113,int8,1,0,1,off,fps,1,0,0,1,0,19.01,14.3,0.0,91.4
2026-01-19T20:01:28.246,int8,1,0,1,off,fps,1,0,0,1,0,18.02,14.3,0.0,102.6
2026-01-19T20:01:28.361,int8,1,0,1,off,fps,1,0,0,1,0,17.23,14.3,0.0,98.1
2026-01-19T20:01:28.440,int8,1,0,1,off,fps,1,0,0,1,0,16.94,14.3,0.0,59.8
2026-01-19T20:01:28.567,int8,1,0,1,off,fps,1,0,0,1,0,16.08,14.3,0.0,98.8
2026-01-19T20:01:28.645,int8,1,0,1,off,fps,1,0,0,1,0,15.87,14.3,0.0,57.2
2026-01-19T20:01:28.744,int8,1,0,1,off,fps,1,0,0,1,0,15.27,14.3,0.0,89.3
2026-01-19T20:01:28.889,int8,1,0,1,off,fps,1,0,0,1,0,14.56,17.8,0.0,130.7
2026-01-19T20:01:29.033,int8,1,0,1,off,fps,1,0,0,1,0,13.79,17.8,0.0,125.2
2026-01-19T20:01:29.149,int8,1,0,1,off,fps,1,0,0,1,0,13.38,17.8,0.0,104.5
2026-01-19T20:01:29.274,int8,1,0,1,off,fps,1,0,0,1,0,12.83,17.8,0.0,111.0
2026-01-19T20:01:29.387,int8,1,0,1,off,fps,1,0,0,1,0,12.84,17.8,0.0,88.5
2026-01-19T20:01:29.561,int8,1,0,1,off,fps,1,0,0,1,0,12.09,17.8,0.0,158.5
2026-01-19T20:01:29.672,int8,1,0,1,off,fps,1,0,0,1,0,11.82,17.8,0.0,88.0
2026-01-19T20:01:29.784,int8,1,0,1,off,fps,1,0,0,1,0,11.47,17.8,0.0,97.4
2026-01-19T20:01:29.875,int8,1,0,1,off,fps,1,0,0,1,0,11.27,17.8,0.0,75.3
2026-01-19T20:01:30.011,int8,1,0,1,off,fps,1,0,0,1,0,10.81,17.8,0.0,124.4
2026-01-19T20:01:30.110,int8,1,0,1,off,fps,1,0,0,1,0,10.6,17.8,0.0,90.7
2026-01-19T20:01:30.198,int8,1,0,1,off,fps,1,0,0,1,0,10.35,17.8,0.0,73.4
2026-01-19T20:01:30.294,int8,1,0,1,off,fps,1,0,0,1,0,10.17,17.8,0.0,82.4
2026-01-19T20:01:30.450,int8,1,0,1,off,fps,1,0,0,1,0,9.76,17.8,0.0,140.1
2026-01-19T20:01:30.551,int8,1,0,1,off,fps,1,0,0,1,0,9.59,17.8,0.0,75.2
2026-01-19T20:01:30.670,int8,1,0,1,off,fps,1,0,0,1,0,9.32,17.8,0.0,93.3
2026-01-19T20:01:30.759,int8,1,0,1,off,fps,1,0,0,1,0,9.23,17.8,0.0,70.1
2026-01-19T20:01:30.877,int8,1,0,1,off,fps,1,0,0,1,0,8.96,17.8,0.0,102.4
2026-01-19T20:01:30.948,int8,1,0,1,off,fps,1,0,0,1,0,8.91,17.8,0.0,54.8
2026-01-19T20:01:31.063,int8,1,0,1,off,fps,1,0,0,1,0,9.02,17.8,0.0,83.5
2026-01-19T20:01:31.162,int8,1,0,1,off,fps,1,0,0,1,0,9.18,17.8,0.0,83.9
2026-01-19T20:01:31.297,int8,1,0,1,off,fps,1,0,0,1,0,9.13,17.8,0.0,135.0
2026-01-19T20:01:31.417,int8,1,0,1,off,fps,1,0,0,1,0,9.08,17.8,0.0,120.3
2026-01-19T20:01:31.504,int8,1,0,1,off,fps,1,0,0,1,0,9.21,17.8,0.0,74.2
2026-01-19T20:01:31.603,int8,1,0,1,off,fps,1,0,0,1,0,9.25,17.8,0.0,95.9
2026-01-19T20:01:31.824,int8,1,0,1,off,fps,1,0,0,1,0,8.86,67.3,0.0,197.4
2026-01-19T20:01:31.897,int8,1,0,1,off,fps,1,0,0,1,0,9.01,67.3,0.0,59.3
2026-01-19T20:01:32.013,int8,1,0,1,off,fps,1,0,0,1,0,8.9,67.3,0.0,103.3
2026-01-19T20:01:32.135,int8,1,0,1,off,fps,1,0,0,1,0,8.85,67.3,0.0,104.4
2026-01-19T20:01:32.231,int8,1,0,1,off,fps,1,0,0,1,0,8.98,67.3,0.0,81.6
2026-01-19T20:01:32.320,int8,1,0,1,off,fps,1,0,0,1,0,9.13,67.3,0.0,67.6
2026-01-19T20:01:32.422,int8,1,0,1,off,fps,1,0,0,1,0,9.17,67.3,0.0,81.3
2026-01-19T20:01:32.468,int8,1,0,1,off,fps,1,0,0,1,0,9.39,67.3,0.0,30.3
2026-01-19T20:01:32.645,int8,1,0,1,off,fps,1,0,0,1,0,9.21,67.3,0.0,146.5
2026-01-19T20:01:32.712,int8,1,0,1,off,fps,1,0,0,1,0,9.52,67.3,0.0,51.9
2026-01-19T20:01:32.848,int8,1,0,1,off,fps,1,0,0,1,0,9.45,67.3,0.0,117.6
2026-01-19T20:01:32.903,int8,1,0,1,off,fps,1,0,0,1,0,9.62,67.3,0.0,41.2
2026-01-19T20:01:32.971,int8,1,0,1,off,fps,1,0,0,1,0,9.69,67.3,0.0,53.9
2026-01-19T20:01:33.039,int8,1,0,1,off,fps,1,0,0,1,0,9.9,67.3,0.0,52.6
2026-01-19T20:01:33.122,int8,1,0,1,off,fps,1,0,0,1,0,9.96,67.3,0.0,63.6
2026-01-19T20:01:33.196,int8,1,0,1,off,fps,1,0,0,1,0,10.01,67.3,0.0,53.9
2026-01-19T20:01:33.298,int8,1,0,1,off,fps,1,0,0,1,0,9.99,67.3,0.0,83.6
2026-01-19T20:01:33.359,int8,1,0,1,off,fps,1,0,0,1,0,10.31,67.3,0.0,56.6
2026-01-19T20:01:33.438,int8,1,0,1,off,fps,1,0,0,1,0,10.39,67.3,0.0,72.9
2026-01-19T20:01:33.521,int8,1,0,1,off,fps,1,0,0,1,0,10.52,67.3,0.0,78.9
2026-01-19T20:01:33.601,int8,1,0,1,off,fps,1,0,0,1,0,10.56,67.3,0.0,78.0
2026-01-19T20:01:33.658,int8,1,0,1,off,fps,1,0,0,1,0,10.79,67.3,0.0,51.6
2026-01-19T20:01:33.743,int8,1,0,1,off,fps,1,0,0,1,0,10.73,67.3,0.0,77.4
2026-01-19T20:01:33.839,int8,1,0,1,off,fps,1,0,0,1,0,10.81,67.3,0.0,63.9
2026-01-19T20:01:33.915,int8,1,0,1,off,fps,1,0,0,1,0,10.9,67.3,0.0,70.1
2026-01-19T20:01:34.031,int8,1,0,1,off,fps,1,0,0,1,0,10.97,3.9,0.0,111.0
2026-01-19T20:01:34.125,int8,1,0,1,off,fps,1,0,0,1,0,11.08,3.9,0.0,72.5
2026-01-19T20:01:34.204,int8,1,0,1,off,fps,1,0,0,1,0,11.11,3.9,0.0,63.2
2026-01-19T20:01:34.309,int8,1,0,1,off,fps,1,0,0,1,0,11.09,3.9,0.0,73.2
2026-01-19T20:01:34.367,int8,1,0,1,off,fps,1,0,0,1,0,11.8,3.9,0.0,43.9
2026-01-19T20:01:34.464,int8,1,0,1,off,fps,1,0,0,1,0,11.68,3.9,0.0,72.0
2026-01-19T20:01:34.487,int8,1,0,1,off,fps,0,0,0,1,0,12.12,3.9,0.0,8.2
2026-01-19T20:01:34.538,int8,1,0,1,off,fps,0,0,0,1,0,12.49,3.9,0.0,32.3
2026-01-19T20:01:34.569,int8,1,0,1,off,fps,0,0,0,1,0,12.83,3.9,0.0,7.5
2026-01-19T20:01:34.654,int8,1,0,1,off,fps,0,0,0,1,0,12.86,3.9,0.0,68.1
2026-01-19T20:01:34.679,int8,1,0,1,off,fps,0,0,0,1,0,13.29,3.9,0.0,7.7
2026-01-19T20:01:34.765,int8,1,0,1,off,fps,0,0,0,1,0,13.06,3.9,0.0,69.7
2026-01-19T20:01:34.789,int8,1,0,1,off,fps,0,0,0,1,0,13.99,3.9,0.0,6.6
2026-01-19T20:01:34.875,int8,1,0,1,off,fps,0,0,0,1,0,13.87,3.9,0.0,69.7
2026-01-19T20:01:34.900,int8,1,0,1,off,fps,0,0,0,1,0,14.62,3.9,0.0,7.5
2026-01-19T20:01:34.971,int8,1,0,1,off,fps,0,0,0,1,0,14.51,3.9,0.0,54.5
2026-01-19T20:01:35.010,int8,1,0,1,off,fps,0,0,0,1,0,14.71,3.9,0.0,7.2
2026-01-19T20:01:35.071,int8,1,0,1,off,fps,0,0,0,1,0,14.77,3.9,0.0,61.3
2026-01-19T20:01:35.090,int8,1,0,1,off,fps,0,0,0,1,0,15.25,3.9,0.0,7.4
2026-01-19T20:01:35.126,int8,1,0,1,off,fps,0,0,0,1,0,15.55,3.9,0.0,36.2
2026-01-19T20:01:35.147,int8,1,0,1,off,fps,0,0,0,1,0,16.22,3.9,0.0,21.0
2026-01-19T20:01:35.198,int8,1,0,1,off,fps,0,0,0,1,0,16.31,3.9,0.0,35.6
2026-01-19T20:01:35.219,int8,1,0,1,off,fps,0,0,0,1,0,16.85,3.9,0.0,15.8
2026-01-19T20:01:35.267,int8,1,0,1,off,fps,0,0,0,1,0,17.18,3.9,0.0,48.5
2026-01-19T20:01:35.286,int8,1,0,1,off,fps,0,0,0,1,0,17.8,3.9,0.0,15.6
2026-01-19T20:01:35.385,int8,1,0,1,off,fps,0,0,0,1,0,17.37,8.3,0.0,98.9
2026-01-19T20:01:35.405,int8,1,0,1,off,fps,0,0,0,1,0,18.05,8.3,0.0,14.6
2026-01-19T20:01:35.466,int8,1,0,1,off,fps,0,0,0,1,0,18.44,8.3,0.0,60.7
2026-01-19T20:01:35.487,int8,1,0,1,off,fps,0,0,0,1,0,19.08,8.3,0.0,13.9
2026-01-19T20:01:35.587,int8,1,0,1,off,fps,0,0,0,1,0,19.28,8.3,0.0,84.3
2026-01-19T20:01:35.609,int8,1,0,1,off,fps,0,0,0,1,0,20.21,8.3,0.0,12.7
2026-01-19T20:01:35.697,int8,1,0,1,off,fps,0,0,0,1,0,20.09,8.3,0.0,72.3
2026-01-19T20:01:35.720,int8,1,0,1,off,fps,0,0,0,1,0,21.26,8.3,0.0,6.5
2026-01-19T20:01:35.770,int8,1,0,1,off,fps,0,0,0,1,0,21.37,8.3,0.0,37.3
2026-01-19T20:01:35.811,int8,1,0,1,off,fps,0,0,0,1,0,22.27,8.3,0.0,8.9
2026-01-19T20:01:35.900,int8,1,0,1,off,fps,0,0,0,1,0,21.23,8.3,0.0,72.6
2026-01-19T20:01:35.924,int8,1,0,1,off,fps,0,0,0,1,0,21.64,8.3,0.0,7.7
2026-01-19T20:01:36.013,int8,1,0,1,off,fps,0,0,0,1,0,20.77,8.3,0.0,73.2
2026-01-19T20:01:36.039,int8,1,0,1,off,fps,0,0,0,1,0,21.66,8.3,0.0,9.6
2026-01-19T20:01:36.122,int8,1,0,1,off,fps,0,0,0,1,0,20.8,8.3,0.0,69.1
2026-01-19T20:01:36.147,int8,1,0,1,off,fps,0,0,0,1,0,21.72,8.3,0.0,7.0
2026-01-19T20:01:36.224,int8,1,0,1,off,fps,0,0,0,1,0,20.91,8.3,0.0,61.6
2026-01-19T20:01:36.258,int8,1,0,1,off,fps,0,0,0,1,0,21.69,8.3,0.0,7.9
2026-01-19T20:01:36.346,int8,1,0,1,off,fps,0,0,0,1,0,20.74,8.3,0.0,72.2
2026-01-19T20:01:36.703,int8,1,0,1,off,fps,1,0,0,1,0,17.31,8.3,0.0,347.0
2026-01-19T20:01:37.154,int8,1,0,1,off,fps,1,0,0,1,0,13.99,8.3,0.0,436.8
2026-01-19T20:01:37.511,int8,1,0,1,off,fps,1,0,0,1,0,12.29,8.3,0.0,340.9
2026-01-19T20:01:37.864,int8,1,0,1,off,fps,1,0,0,1,0,10.81,8.3,0.0,327.8
2026-01-19T20:01:38.239,int8,1,0,1,off,fps,1,0,0,1,0,9.64,8.3,0.0,359.1
2026-01-19T20:01:38.578,int8,1,0,1,off,fps,1,0,0,1,0,8.74,8.3,0.0,321.7
2026-01-19T20:01:38.947,int8,1,0,1,off,fps,1,0,0,1,0,8.0,0.0,0.0,351.1
2026-01-19T20:01:39.407,int8,1,0,1,off,fps,1,0,0,1,0,7.16,0.0,0.0,434.0
2026-01-19T20:01:39.766,int8,1,0,1,off,fps,1,0,0,1,0,6.67,0.0,0.0,342.6
2026-01-19T20:01:40.156,int8,1,0,1,off,fps,1,0,0,1,0,6.16,0.0,0.0,372.3
2026-01-19T20:01:40.432,int8,1,0,1,off,fps,1,0,0,1,0,5.94,0.0,0.0,263.3
2026-01-19T20:01:40.837,int8,1,0,1,off,fps,1,0,0,1,0,5.52,0.0,0.0,390.3
2026-01-19T20:01:41.114,int8,1,0,1,off,fps,1,0,0,1,0,5.31,0.0,0.0,252.2
2026-01-19T20:01:41.397,int8,1,0,1,off,fps,1,0,0,1,0,5.08,0.0,0.0,266.4
2026-01-19T20:01:41.681,int8,1,0,1,off,fps,1,0,0,1,0,4.92,0.0,0.0,266.9
2026-01-19T20:01:42.054,int8,1,0,1,off,fps,1,0,0,1,0,4.65,0.0,0.0,352.5
2026-01-19T20:01:42.374,int8,1,0,1,off,fps,1,0,0,1,0,4.49,0.0,0.0,303.2
2026-01-19T20:01:42.659,int8,1,0,1,off,fps,1,0,0,1,0,4.32,0.0,0.0,267.9
2026-01-19T20:01:42.964,int8,1,0,1,off,fps,1,0,0,1,0,4.17,0.0,0.0,292.7
2026-01-19T20:01:43.311,int8,1,0,1,off,fps,1,0,0,1,0,4.0,0.0,0.0,315.3
2026-01-19T20:01:43.566,int8,1,0,1,off,fps,1,0,0,1,0,3.91,0.0,0.0,242.6
2026-01-19T20:01:43.875,int8,1,0,1,off,fps,1,0,0,1,0,3.77,0.0,0.0,295.3
2026-01-19T20:01:44.141,int8,1,0,1,off,fps,1,0,0,1,0,3.69,0.0,0.0,253.4
2026-01-19T20:01:44.458,int8,1,0,1,off,fps,1,0,0,1,0,3.56,0.0,0.0,285.3
2026-01-19T20:01:44.733,int8,1,0,1,off,fps,1,0,0,1,0,3.48,0.0,0.0,262.4
2026-01-19T20:01:45.039,int8,1,0,1,off,fps,1,0,0,1,0,3.37,0.0,0.0,274.9
2026-01-19T20:01:45.384,int8,1,0,1,off,fps,1,0,0,1,0,3.28,0.0,0.0,331.6
2026-01-19T20:01:45.674,int8,1,0,1,off,fps,1,0,0,1,0,3.19,0.0,0.0,274.5
2026-01-19T20:01:45.925,int8,1,0,1,off,fps,1,0,0,1,0,3.13,0.0,0.0,232.6
2026-01-19T20:01:46.290,int8,1,0,1,off,fps,1,0,0,1,0,3.13,0.0,0.0,355.4
2026-01-19T20:01:46.556,int8,1,0,1,off,fps,1,0,0,1,0,3.19,0.0,0.0,253.8
2026-01-19T20:01:46.949,int8,1,0,1,off,fps,1,0,0,1,0,3.18,9.3,0.0,377.3
2026-01-19T20:01:47.324,int8,1,0,1,off,fps,1,0,0,1,0,3.17,9.3,0.0,360.6
2026-01-19T20:01:47.661,int8,1,0,1,off,fps,1,0,0,1,0,3.18,9.3,0.0,321.0
2026-01-19T20:01:47.931,int8,1,0,1,off,fps,1,0,0,1,0,3.21,9.3,0.0,246.3
2026-01-19T20:01:48.320,int8,1,0,1,off,fps,1,0,0,1,0,3.2,9.3,0.0,375.2
2026-01-19T20:01:48.600,int8,1,0,1,off,fps,1,0,0,1,0,3.26,9.3,0.0,255.3
2026-01-19T20:01:49.011,int8,1,0,1,off,fps,1,0,0,1,0,3.24,9.3,0.0,389.0
2026-01-19T20:01:49.281,int8,1,0,1,off,fps,1,0,0,1,0,3.29,9.3,0.0,260.9
2026-01-19T20:01:49.625,int8,1,0,1,off,fps,1,0,0,1,0,3.26,9.3,0.0,310.6
2026-01-19T20:01:49.900,int8,1,0,1,off,fps,1,0,0,1,0,3.31,9.3,0.0,258.8
2026-01-19T20:01:50.247,int8,1,0,1,off,fps,1,0,0,1,0,3.28,9.3,0.0,347.2
2026-01-19T20:01:50.573,int8,1,0,1,off,fps,1,0,0,1,0,3.27,9.3,0.0,306.8
2026-01-19T20:01:51.012,int8,1,0,1,off,fps,1,0,0,1,0,3.22,9.3,0.0,420.9
2026-01-19T20:01:51.417,int8,1,0,1,off,fps,1,0,0,1,0,3.2,9.3,0.0,394.2
2026-01-19T20:01:52.119,int8,1,0,1,off,fps,1,0,0,1,0,3.08,9.3,0.0,689.7
2026-01-19T20:01:52.582,int8,1,0,1,off,fps,1,0,0,1,0,3.02,9.3,0.0,446.9
2026-01-19T20:01:52.969,int8,1,0,1,off,fps,1,0,0,1,0,3.0,9.3,0.0,374.4
2026-01-19T20:01:53.381,int8,1,0,1,off,fps,1,0,0,1,0,2.98,9.3,0.0,379.1
2026-01-19T20:01:53.889,int8,1,0,1,off,fps,1,0,0,1,0,2.91,9.3,0.0,481.3
2026-01-19T20:01:54.328,int8,1,0,1,off,fps,1,0,0,1,0,2.87,9.3,0.0,420.4
2026-01-19T20:01:54.809,int8,1,0,1,off,fps,1,0,0,1,0,2.81,9.3,0.0,462.2
